Address,PostCode,LivingArea,PlotSize,Price,Rooms,href,HouseId,url,TimeStampShallow
Verkadestraat 16,2613 ZL Delft,92 m²,196 m²,"€ 445,000 k.k.",4 rooms,/en/koop/delft/huis-42054379-verkadestraat-16/,42054379,https://www.funda.nl/en/koop/delft/huis-42054379-verkadestraat-16/,2022-12-15T00:25:31.746716+01:00
Zambezilaan 56,2622 LG Delft,134 m²,113 m²,"€ 439,000 k.k.",7 rooms,/en/koop/delft/huis-42054940-zambezilaan-56/,42054940,https://www.funda.nl/en/koop/delft/huis-42054940-zambezilaan-56/,2022-12-15T00:25:31.746716+01:00
Burgemeestersrand 46,2625 NW Delft,129 m²,161 m²,"€ 465,000 k.k.",5 rooms,/en/koop/delft/huis-42050256-burgemeestersrand-46/,42050256,https://www.funda.nl/en/koop/delft/huis-42050256-burgemeestersrand-46/,2022-12-15T00:25:31.746716+01:00
Witmolen 18,2614 LR Delft,125 m²,104 m²,"€ 525,000 k.k.",5 rooms,/en/koop/delft/huis-42055882-witmolen-18/,42055882,https://www.funda.nl/en/koop/delft/huis-42055882-witmolen-18/,2022-12-15T00:25:31.746716+01:00
Venlokas 22,2614 SN Delft,140 m²,214 m²,"€ 695,000 k.k.",6 rooms,/en/koop/delft/huis-42942659-venlokas-22/,42942659,https://www.funda.nl/en/koop/delft/huis-42942659-venlokas-22/,2022-12-15T00:25:31.746716+01:00
Waterhoenstraat 12,2623 MB Delft,124 m²,121 m²,"€ 435,000 k.k.",5 rooms,/en/koop/delft/huis-42948231-waterhoenstraat-12/,42948231,https://www.funda.nl/en/koop/delft/huis-42948231-waterhoenstraat-12/,2022-12-15T00:25:31.746716+01:00
Waterloop 26,2614 XC Delft,164 m²,69 m²,"€ 579,000 k.k.",5 rooms,/en/koop/delft/huis-42948128-waterloop-26/,42948128,https://www.funda.nl/en/koop/delft/huis-42948128-waterloop-26/,2022-12-15T00:25:31.746716+01:00
Maerten Trompstraat 4,2628 RD Delft,148 m²,124 m²,"€ 725,000 k.k.",6 rooms,/en/koop/delft/huis-42948184-maerten-trompstraat-4/,42948184,https://www.funda.nl/en/koop/delft/huis-42948184-maerten-trompstraat-4/,2022-12-15T00:25:31.746716+01:00
Laan van Lekkerkerk 96,2614 MN Delft,106 m²,93 m²,"€ 489,500 k.k.",5 rooms,/en/koop/delft/huis-42934199-laan-van-lekkerkerk-96/,42934199,https://www.funda.nl/en/koop/delft/huis-42934199-laan-van-lekkerkerk-96/,2022-12-15T00:25:31.746716+01:00
Churchilllaan 17,2625 GS Delft,114 m²,157 m²,"€ 419,500 k.k.",5 rooms,/en/koop/delft/huis-42930626-churchilllaan-17/,42930626,https://www.funda.nl/en/koop/delft/huis-42930626-churchilllaan-17/,2022-12-15T00:25:31.746716+01:00
Raad van Europalaan 19,2625 PA Delft,203 m²,243 m²,"€ 650,000 k.k.",6 rooms,/en/koop/delft/huis-88390170-raad-van-europalaan-19/,88390170,https://www.funda.nl/en/koop/delft/huis-88390170-raad-van-europalaan-19/,2022-12-15T00:25:31.746716+01:00
Van Alkemadestraat 3,2614 EP Delft,123 m²,103 m²,"€ 465,000 k.k.",5 rooms,/en/koop/delft/huis-42923005-van-alkemadestraat-3/,42923005,https://www.funda.nl/en/koop/delft/huis-42923005-van-alkemadestraat-3/,2022-12-15T00:25:31.746716+01:00
Van Tijenstraat 30,2628 ZM Delft,201 m²,142 m²,"€ 850,000 k.k.",7 rooms,/en/koop/delft/huis-42921047-van-tijenstraat-30/,42921047,https://www.funda.nl/en/koop/delft/huis-42921047-van-tijenstraat-30/,2022-12-15T00:25:31.746716+01:00
Laan van Overvest 33,2613 DK Delft,148 m²,266 m²,"€ 845,000 k.k.",5 rooms,/en/koop/delft/huis-42917386-laan-van-overvest-33/,42917386,https://www.funda.nl/en/koop/delft/huis-42917386-laan-van-overvest-33/,2022-12-15T00:25:31.746716+01:00
Straat van Malakka 46,2622 KM Delft,177 m²,260 m²,"€ 745,000 k.k.",6 rooms,/en/koop/delft/huis-42917274-straat-van-malakka-46/,42917274,https://www.funda.nl/en/koop/delft/huis-42917274-straat-van-malakka-46/,2022-12-15T00:25:31.746716+01:00
Westvest 273,2611 BX Delft,79 m²,,"€ 389,000 k.k.",3 rooms,/en/koop/delft/appartement-42949809-westvest-273/,42949809,https://www.funda.nl/en/koop/delft/appartement-42949809-westvest-273/,2022-12-15T00:25:32.153789+01:00
Van Leeuwenhoekpark 15 B,2611 DW Delft,156 m²,,"€ 895,000 k.k.",5 rooms,/en/koop/delft/appartement-42931350-van-leeuwenhoekpark-15-b/,42931350,https://www.funda.nl/en/koop/delft/appartement-42931350-van-leeuwenhoekpark-15-b/,2022-12-15T00:25:32.153789+01:00
Herman Gorterhof 154,2624 XL Delft,70 m²,,"€ 235,000 k.k.",4 rooms,/en/koop/delft/appartement-42929606-herman-gorterhof-154/,42929606,https://www.funda.nl/en/koop/delft/appartement-42929606-herman-gorterhof-154/,2022-12-15T00:25:32.153789+01:00
Oostplantsoen 109,2611 WL Delft,136 m²,,"€ 575,000 k.k.",3 rooms,/en/koop/delft/appartement-42917225-oostplantsoen-109/,42917225,https://www.funda.nl/en/koop/delft/appartement-42917225-oostplantsoen-109/,2022-12-15T00:25:32.153789+01:00
Westvest 199,2611 BZ Delft,80 m²,,"€ 315,000 k.k.",3 rooms,/en/koop/delft/appartement-42998525-westvest-199/,42998525,https://www.funda.nl/en/koop/delft/appartement-42998525-westvest-199/,2022-12-15T00:25:32.153789+01:00
Aart van der Leeuwlaan 1012,2624 MA Delft,117 m²,,"€ 325,000 k.k.",4 rooms,/en/koop/delft/appartement-42984467-aart-van-der-leeuwlaan-1012/,42984467,https://www.funda.nl/en/koop/delft/appartement-42984467-aart-van-der-leeuwlaan-1012/,2022-12-15T00:25:32.153789+01:00
Herman Gorterhof 114,2624 XJ Delft,70 m²,,"€ 260,000 k.k.",3 rooms,/en/koop/delft/appartement-42983361-herman-gorterhof-114/,42983361,https://www.funda.nl/en/koop/delft/appartement-42983361-herman-gorterhof-114/,2022-12-15T00:25:32.153789+01:00
Machteld van Meterenlaan 27,2628 LN Delft,131 m²,,"€ 725,000 k.k.",4 rooms,/en/koop/delft/appartement-42982943-machteld-van-meterenlaan-27/,42982943,https://www.funda.nl/en/koop/delft/appartement-42982943-machteld-van-meterenlaan-27/,2022-12-15T00:25:32.153789+01:00
Van Miereveltlaan 9 d,2612 XE Delft,165 m²,,"€ 895,000 k.k.",4 rooms,/en/koop/delft/appartement-42981983-van-miereveltlaan-9-d/,42981983,https://www.funda.nl/en/koop/delft/appartement-42981983-van-miereveltlaan-9-d/,2022-12-15T00:25:32.153789+01:00
Bosboom-Toussaintplein 89,2624 DH Delft,66 m²,,"€ 250,000 k.k.",4 rooms,/en/koop/delft/appartement-42986995-bosboom-toussaintplein-89/,42986995,https://www.funda.nl/en/koop/delft/appartement-42986995-bosboom-toussaintplein-89/,2022-12-15T00:25:32.153789+01:00
Roland Holstlaan 1098,2624 JS Delft,75 m²,,"€ 299,500 k.k.",3 rooms,/en/koop/delft/appartement-42826629-roland-holstlaan-1098/,42826629,https://www.funda.nl/en/koop/delft/appartement-42826629-roland-holstlaan-1098/,2022-12-15T00:25:32.153789+01:00
De Vlouw 19,2611 EW Delft,130 m²,,"€ 645,000 k.k.",4 rooms,/en/koop/delft/appartement-42747579-de-vlouw-19/,42747579,https://www.funda.nl/en/koop/delft/appartement-42747579-de-vlouw-19/,2022-12-15T00:25:32.153789+01:00
Wilhelminalaan 64,2625 KJ Delft,116 m²,141 m²,"€ 499,000 k.k.",5 rooms,/en/koop/delft/huis-42913611-wilhelminalaan-64/,42913611,https://www.funda.nl/en/koop/delft/huis-42913611-wilhelminalaan-64/,2022-12-15T00:25:32.153789+01:00
Burgwal 34,2611 GJ Delft,74 m²,26 m²,"€ 445,000 k.k.",3 rooms,/en/koop/delft/huis-42050479-burgwal-34/,42050479,https://www.funda.nl/en/koop/delft/huis-42050479-burgwal-34/,2022-12-15T00:25:32.153789+01:00
Sandinoweg 60,2622 DZ Delft,85 m²,109 m²,"€ 349,500 k.k.",3 rooms,/en/koop/delft/huis-42059393-sandinoweg-60/,42059393,https://www.funda.nl/en/koop/delft/huis-42059393-sandinoweg-60/,2022-12-15T00:25:32.153789+01:00
Gerard van Loonstraat 15,2612 HV Delft,64 m²,108 m²,"€ 319,000 k.k.",3 rooms,/en/koop/delft/huis-42917546-gerard-van-loonstraat-15/,42917546,https://www.funda.nl/en/koop/delft/huis-42917546-gerard-van-loonstraat-15/,2022-12-15T00:25:32.152791+01:00
Kersbergenstraat 20,2628 ZK Delft,147 m²,119 m²,"€ 685,000 k.k.",5 rooms,/en/koop/delft/huis-42916901-kersbergenstraat-20/,42916901,https://www.funda.nl/en/koop/delft/huis-42916901-kersbergenstraat-20/,2022-12-15T00:25:32.152791+01:00
Kristalweg 25,2614 TR Delft,135 m²,259 m²,"€ 575,000 k.k.",4 rooms,/en/koop/delft/huis-88366263-kristalweg-25/,88366263,https://www.funda.nl/en/koop/delft/huis-88366263-kristalweg-25/,2022-12-15T00:25:32.152791+01:00
Conradlaan 25,2627 BT Delft,124 m²,175 m²,"€ 600,000 k.k.",5 rooms,/en/koop/delft/huis-42998952-conradlaan-25/,42998952,https://www.funda.nl/en/koop/delft/huis-42998952-conradlaan-25/,2022-12-15T00:25:32.152791+01:00
Harmenkokslaan 57,2611 TP Delft,109 m²,79 m²,"€ 569,000 k.k.",5 rooms,/en/koop/delft/huis-42997072-harmenkokslaan-57/,42997072,https://www.funda.nl/en/koop/delft/huis-42997072-harmenkokslaan-57/,2022-12-15T00:25:32.152791+01:00
Voorstraat 19,2611 JJ Delft,434 m²,603 m²,"€ 2,950,000 k.k.",11 rooms,/en/koop/delft/huis-42995664-voorstraat-19/,42995664,https://www.funda.nl/en/koop/delft/huis-42995664-voorstraat-19/,2022-12-15T00:25:32.152791+01:00
Van der Kamlaan 32,2625 KM Delft,111 m²,170 m²,"€ 465,000 k.k.",5 rooms,/en/koop/delft/huis-42983959-van-der-kamlaan-32/,42983959,https://www.funda.nl/en/koop/delft/huis-42983959-van-der-kamlaan-32/,2022-12-15T00:25:32.152791+01:00
Moufflonlaan 11,2623 EH Delft,125 m²,125 m²,"€ 450,000 k.k.",6 rooms,/en/koop/delft/huis-42988159-moufflonlaan-11/,42988159,https://www.funda.nl/en/koop/delft/huis-42988159-moufflonlaan-11/,2022-12-15T00:25:32.152791+01:00
Hoflandendreef 405,2614 MT Delft,111 m²,85 m²,"€ 539,000 k.k.",5 rooms,/en/koop/delft/huis-88338192-hoflandendreef-405/,88338192,https://www.funda.nl/en/koop/delft/huis-88338192-hoflandendreef-405/,2022-12-15T00:25:32.152791+01:00
Rotterdamseweg 190,2628 AR Delft,76 m²,103 m²,"€ 399,000 k.k.",3 rooms,/en/koop/delft/huis-42970431-rotterdamseweg-190/,42970431,https://www.funda.nl/en/koop/delft/huis-42970431-rotterdamseweg-190/,2022-12-15T00:25:32.152791+01:00
Oostsingel 96,2612 HG Delft,208 m²,162 m²,"€ 895,000 k.k.",7 rooms,/en/koop/delft/huis-42975156-oostsingel-96/,42975156,https://www.funda.nl/en/koop/delft/huis-42975156-oostsingel-96/,2022-12-15T00:25:32.152791+01:00
Kloosterkade 214,2628 JJ Delft,75 m²,,"€ 375,000 k.k.",4 rooms,/en/koop/delft/appartement-42933106-kloosterkade-214/,42933106,https://www.funda.nl/en/koop/delft/appartement-42933106-kloosterkade-214/,2022-12-15T00:25:32.152791+01:00
Herman Gorterhof 109,2624 XJ Delft,70 m²,,"€ 285,000 k.k.",4 rooms,/en/koop/delft/appartement-42930600-herman-gorterhof-109/,42930600,https://www.funda.nl/en/koop/delft/appartement-42930600-herman-gorterhof-109/,2022-12-15T00:25:32.152791+01:00
Parkzoom 79,2614 TC Delft,123 m²,,"€ 439,000 k.k.",3 rooms,/en/koop/delft/appartement-42936292-parkzoom-79/,42936292,https://www.funda.nl/en/koop/delft/appartement-42936292-parkzoom-79/,2022-12-15T00:25:32.152791+01:00
Menno ter Braaklaan 113,2624 TC Delft,92 m²,,"€ 250,000 k.k.",3 rooms,/en/koop/delft/appartement-42936710-menno-ter-braaklaan-113/,42936710,https://www.funda.nl/en/koop/delft/appartement-42936710-menno-ter-braaklaan-113/,2022-12-15T00:25:32.152791+01:00
Storklaan 58,2613 XV Delft,68 m²,,"€ 325,000 k.k.",3 rooms,/en/koop/delft/appartement-42961382-storklaan-58/,42961382,https://www.funda.nl/en/koop/delft/appartement-42961382-storklaan-58/,2022-12-15T00:25:32.502351+01:00
Markt 30 30a,2611 GV Delft,284 m²,76 m²,"€ 2,100,000 k.k.",5 rooms,/en/koop/delft/huis-42057116-markt-30-30a/,42057116,https://www.funda.nl/en/koop/delft/huis-42057116-markt-30-30a/,2022-12-15T00:25:32.502351+01:00
Roland Holstlaan 1197,2624 KR Delft,78 m²,,"€ 250,000 k.k.",3 rooms,/en/koop/delft/appartement-42931748-roland-holstlaan-1197/,42931748,https://www.funda.nl/en/koop/delft/appartement-42931748-roland-holstlaan-1197/,2022-12-15T00:25:32.502351+01:00
Nieuwe Schoolstraat 51 53,2613 SH Delft,250 m²,164 m²,"€ 1,145,000 k.k.",13 rooms,/en/koop/delft/huis-88287341-nieuwe-schoolstraat-51-53/,88287341,https://www.funda.nl/en/koop/delft/huis-88287341-nieuwe-schoolstraat-51-53/,2022-12-15T00:25:32.502351+01:00
Abtsregt 25,2622 KN Delft,234 m²,,"€ 1,195,000 k.k.",4 rooms,/en/koop/delft/appartement-42942174-abtsregt-25/,42942174,https://www.funda.nl/en/koop/delft/appartement-42942174-abtsregt-25/,2022-12-15T00:25:32.502351+01:00
Voorstraat 68 a,2611 JS Delft,200 m²,686 m²,"€ 1,195,000 k.k.",6 rooms,/en/koop/delft/huis-42808406-voorstraat-68-a/,42808406,https://www.funda.nl/en/koop/delft/huis-42808406-voorstraat-68-a/,2022-12-15T00:25:32.502351+01:00
Sint Jorisweg 46,2612 GA Delft,75 m²,,"€ 300,000 k.k.",3 rooms,/en/koop/delft/appartement-42935106-sint-jorisweg-46/,42935106,https://www.funda.nl/en/koop/delft/appartement-42935106-sint-jorisweg-46/,2022-12-15T00:25:32.502351+01:00
Guineelaan 34,2622 DJ Delft,117 m²,118 m²,"€ 415,000 k.k.",5 rooms,/en/koop/delft/huis-88393946-guineelaan-34/,88393946,https://www.funda.nl/en/koop/delft/huis-88393946-guineelaan-34/,2022-12-15T00:25:32.502351+01:00
Chilipad 9,2622 AZ Delft,74 m²,,"€ 365,000 k.k.",3 rooms,/en/koop/delft/appartement-42932377-chilipad-9/,42932377,https://www.funda.nl/en/koop/delft/appartement-42932377-chilipad-9/,2022-12-15T00:25:32.502351+01:00
Verwersdijk 41,2611 ND Delft,71 m²,,"€ 395,000 k.k.",3 rooms,/en/koop/delft/appartement-42904257-verwersdijk-41/,42904257,https://www.funda.nl/en/koop/delft/appartement-42904257-verwersdijk-41/,2022-12-15T00:25:32.502351+01:00
Spoorsingel 87,2613 BB Delft,170 m²,,"€ 650,000 k.k.",6 rooms,/en/koop/delft/appartement-88346660-spoorsingel-87/,88346660,https://www.funda.nl/en/koop/delft/appartement-88346660-spoorsingel-87/,2022-12-15T00:25:32.502351+01:00
Oostplantsoen 101,2611 WL Delft,121 m²,,"€ 525,000 k.k.",4 rooms,/en/koop/delft/appartement-42928521-oostplantsoen-101/,42928521,https://www.funda.nl/en/koop/delft/appartement-42928521-oostplantsoen-101/,2022-12-15T00:25:32.502351+01:00
A.M. de Jonglaan 29,2624 LB Delft,145 m²,192 m²,"€ 495,000 k.k.",6 rooms,/en/koop/delft/huis-42065663-am-de-jonglaan-29/,42065663,https://www.funda.nl/en/koop/delft/huis-42065663-am-de-jonglaan-29/,2022-12-15T00:25:32.502351+01:00
Molstraat 3 3a,2611 EM Delft,177 m²,106 m²,"€ 740,000 k.k.",8 rooms,/en/koop/delft/huis-42065461-molstraat-3-3a/,42065461,https://www.funda.nl/en/koop/delft/huis-42065461-molstraat-3-3a/,2022-12-15T00:25:32.502351+01:00
Harmenkokslaan 64,2611 TS Delft,59 m²,60 m²,"€ 360,000 k.k.",3 rooms,/en/koop/delft/huis-42050663-harmenkokslaan-64/,42050663,https://www.funda.nl/en/koop/delft/huis-42050663-harmenkokslaan-64/,2022-12-15T00:25:32.502351+01:00
Bastiaansplein 131,2611 DC Delft,161 m²,,"€ 795,000 k.k.",4 rooms,/en/koop/delft/appartement-42995910-bastiaansplein-131/,42995910,https://www.funda.nl/en/koop/delft/appartement-42995910-bastiaansplein-131/,2022-12-15T00:25:32.503350+01:00
Vlamingstraat 34 a,2611 KX Delft,69 m²,,"€ 340,000 k.k.",3 rooms,/en/koop/delft/appartement-42987963-vlamingstraat-34-a/,42987963,https://www.funda.nl/en/koop/delft/appartement-42987963-vlamingstraat-34-a/,2022-12-15T00:25:32.503350+01:00
Brasserskade 132,2612 CH Delft,65 m²,,"€ 275,000 k.k.",2 rooms,/en/koop/delft/appartement-42985291-brasserskade-132/,42985291,https://www.funda.nl/en/koop/delft/appartement-42985291-brasserskade-132/,2022-12-15T00:25:32.503350+01:00
Oostsingel 149 D,2612 HJ Delft,112 m²,,"€ 575,000 k.k.",3 rooms,/en/koop/delft/appartement-42972664-oostsingel-149-d/,42972664,https://www.funda.nl/en/koop/delft/appartement-42972664-oostsingel-149-d/,2022-12-15T00:25:32.503350+01:00
Roland Holstlaan 1126,2624 JT Delft,63 m²,,"€ 230,000 k.k.",2 rooms,/en/koop/delft/appartement-42962742-roland-holstlaan-1126/,42962742,https://www.funda.nl/en/koop/delft/appartement-42962742-roland-holstlaan-1126/,2022-12-15T00:25:32.503350+01:00
Parkzoom 251,2614 TE Delft,105 m²,,"€ 545,000 k.k.",3 rooms,/en/koop/delft/appartement-42969995-parkzoom-251/,42969995,https://www.funda.nl/en/koop/delft/appartement-42969995-parkzoom-251/,2022-12-15T00:25:32.503350+01:00
Nieuwe Schoolstraat 49,2613 SH Delft,80 m²,,"€ 350,000 k.k.",3 rooms,/en/koop/delft/appartement-42958691-nieuwe-schoolstraat-49/,42958691,https://www.funda.nl/en/koop/delft/appartement-42958691-nieuwe-schoolstraat-49/,2022-12-15T00:25:32.503350+01:00
Aart van der Leeuwlaan 1034,2624 MA Delft,90 m²,,"€ 289,000 k.k.",3 rooms,/en/koop/delft/appartement-42956335-aart-van-der-leeuwlaan-1034/,42956335,https://www.funda.nl/en/koop/delft/appartement-42956335-aart-van-der-leeuwlaan-1034/,2022-12-15T00:25:32.503350+01:00
Trompetstraat 38,2611 KN Delft,125 m²,,"€ 525,000 k.k.",5 rooms,/en/koop/delft/appartement-42844057-trompetstraat-38/,42844057,https://www.funda.nl/en/koop/delft/appartement-42844057-trompetstraat-38/,2022-12-15T00:25:32.503350+01:00
Roland Holstlaan 766,2624 JE Delft,76 m²,,"€ 275,000 k.k.",3 rooms,/en/koop/delft/appartement-88281549-roland-holstlaan-766/,88281549,https://www.funda.nl/en/koop/delft/appartement-88281549-roland-holstlaan-766/,2022-12-15T00:25:32.503350+01:00
Zuidwal 41,2611 DD Delft,122 m²,,"€ 560,000 k.k.",5 rooms,/en/koop/delft/appartement-42892064-zuidwal-41/,42892064,https://www.funda.nl/en/koop/delft/appartement-42892064-zuidwal-41/,2022-12-15T00:25:32.503350+01:00
Noordeinde 48,2611 KJ Delft,240 m²,102 m²,"€ 925,000 k.k.",10 rooms,/en/koop/delft/huis-42922158-noordeinde-48/,42922158,https://www.funda.nl/en/koop/delft/huis-42922158-noordeinde-48/,2022-12-15T00:25:32.503350+01:00
Jacob Catsstraat 96,2613 HD Delft,76 m²,,"€ 325,000 k.k.",4 rooms,/en/koop/delft/appartement-42970281-jacob-catsstraat-96/,42970281,https://www.funda.nl/en/koop/delft/appartement-42970281-jacob-catsstraat-96/,2022-12-15T00:25:32.503350+01:00
Adama van Scheltemaplein 48,2624 PG Delft,91 m²,,"€ 225,000 k.k.",3 rooms,/en/koop/delft/appartement-88363322-adama-van-scheltemaplein-48/,88363322,https://www.funda.nl/en/koop/delft/appartement-88363322-adama-van-scheltemaplein-48/,2022-12-15T00:25:32.503350+01:00
Aart van der Leeuwlaan 62,2624 LD Delft,104 m²,,"€ 309,500 k.k.",4 rooms,/en/koop/delft/appartement-42989894-aart-van-der-leeuwlaan-62/,42989894,https://www.funda.nl/en/koop/delft/appartement-42989894-aart-van-der-leeuwlaan-62/,2022-12-15T00:25:32.503350+01:00
Oosteinde 1,2611 VA Delft,131 m²,,"€ 475,000 k.k.",5 rooms,/en/koop/delft/appartement-42988434-oosteinde-1/,42988434,https://www.funda.nl/en/koop/delft/appartement-42988434-oosteinde-1/,2022-12-15T00:25:32.950842+01:00
Roland Holstlaan 774,2624 JE Delft,75 m²,,"€ 250,000 k.k.",3 rooms,/en/koop/delft/appartement-42835680-roland-holstlaan-774/,42835680,https://www.funda.nl/en/koop/delft/appartement-42835680-roland-holstlaan-774/,2022-12-15T00:25:32.950842+01:00
Doelenstraat 157,2611 NS Delft,158 m²,,"€ 595,000 k.k.",6 rooms,/en/koop/delft/appartement-42879491-doelenstraat-157/,42879491,https://www.funda.nl/en/koop/delft/appartement-42879491-doelenstraat-157/,2022-12-15T00:25:32.950842+01:00
Balistraat 5,2612 ED Delft,74 m²,,"€ 299,000 k.k.",5 rooms,/en/koop/delft/appartement-42915438-balistraat-5/,42915438,https://www.funda.nl/en/koop/delft/appartement-42915438-balistraat-5/,2022-12-15T00:25:32.950842+01:00
Vlamingstraat 36,2611 KX Delft,180 m²,175 m²,"€ 950,000 k.k.",6 rooms,/en/koop/delft/huis-88412179-vlamingstraat-36/,88412179,https://www.funda.nl/en/koop/delft/huis-88412179-vlamingstraat-36/,2022-12-15T00:25:32.950842+01:00
Hof van Delftlaan 61,2613 BK Delft,398 m²,254 m²,"€ 1,200,000 k.k.",18 rooms,/en/koop/delft/huis-42872099-hof-van-delftlaan-61/,42872099,https://www.funda.nl/en/koop/delft/huis-42872099-hof-van-delftlaan-61/,2022-12-15T00:25:32.950842+01:00
Frederik Matthesstraat 11,2613 ZX Delft,68 m²,167 m²,"€ 325,000 k.k.",3 rooms,/en/koop/delft/huis-42065458-frederik-matthesstraat-11/,42065458,https://www.funda.nl/en/koop/delft/huis-42065458-frederik-matthesstraat-11/,2022-12-15T00:25:32.950842+01:00
Frederik Matthesstraat 39,2613 ZX Delft,55 m²,159 m²,"€ 265,000 k.k.",2 rooms,/en/koop/delft/huis-42065432-frederik-matthesstraat-39/,42065432,https://www.funda.nl/en/koop/delft/huis-42065432-frederik-matthesstraat-39/,2022-12-15T00:25:32.950842+01:00
Boeroestraat 31,2612 GD Delft,103 m²,186 m²,"€ 459,000 k.k.",5 rooms,/en/koop/delft/huis-42055918-boeroestraat-31/,42055918,https://www.funda.nl/en/koop/delft/huis-42055918-boeroestraat-31/,2022-12-15T00:25:32.950842+01:00
Sandinoweg 40,2622 DX Delft,125 m²,113 m²,"€ 432,500 k.k.",5 rooms,/en/koop/delft/huis-42900075-sandinoweg-40/,42900075,https://www.funda.nl/en/koop/delft/huis-42900075-sandinoweg-40/,2022-12-15T00:25:32.950842+01:00
Molenweide 72,2614 LK Delft,180 m²,723 m²,"€ 675,000 k.k.",6 rooms,/en/koop/delft/huis-42837912-molenweide-72/,42837912,https://www.funda.nl/en/koop/delft/huis-42837912-molenweide-72/,2022-12-15T00:25:32.950842+01:00
Hoefslagendreef 76,2614 MM Delft,120 m²,111 m²,"€ 525,000 k.k.",5 rooms,/en/koop/delft/huis-42874483-hoefslagendreef-76/,42874483,https://www.funda.nl/en/koop/delft/huis-42874483-hoefslagendreef-76/,2022-12-15T00:25:32.950842+01:00
Paulus Buijsstraat 47,2613 HL Delft,64 m²,,"€ 299,500 k.k.",2 rooms,/en/koop/delft/appartement-42056690-paulus-buijsstraat-47/,42056690,https://www.funda.nl/en/koop/delft/appartement-42056690-paulus-buijsstraat-47/,2022-12-15T00:25:32.950842+01:00
Simonsstraat 83 A,2628 TG Delft,62 m²,,"€ 325,000 k.k.",4 rooms,/en/koop/delft/appartement-88410170-simonsstraat-83-a/,88410170,https://www.funda.nl/en/koop/delft/appartement-88410170-simonsstraat-83-a/,2022-12-15T00:25:32.950842+01:00
Roland Holstlaan 1026,2624 JP Delft,75 m²,,"€ 299,500 k.k.",3 rooms,/en/koop/delft/appartement-42055010-roland-holstlaan-1026/,42055010,https://www.funda.nl/en/koop/delft/appartement-42055010-roland-holstlaan-1026/,2022-12-15T00:25:32.950842+01:00
Oostpoort 5,2611 RZ Delft,54 m²,,"€ 300,000 k.k.",2 rooms,/en/koop/delft/appartement-42949423-oostpoort-5/,42949423,https://www.funda.nl/en/koop/delft/appartement-42949423-oostpoort-5/,2022-12-15T00:25:33.126789+01:00
Oude Delft 91 R,2611 BD Delft,135 m²,,"€ 495,000 k.k.",4 rooms,/en/koop/delft/appartement-42948827-oude-delft-91-r/,42948827,https://www.funda.nl/en/koop/delft/appartement-42948827-oude-delft-91-r/,2022-12-15T00:25:33.126789+01:00
Papsouwselaan 207,2624 AM Delft,90 m²,,"€ 300,000 k.k.",3 rooms,/en/koop/delft/appartement-42946073-papsouwselaan-207/,42946073,https://www.funda.nl/en/koop/delft/appartement-42946073-papsouwselaan-207/,2022-12-15T00:25:33.126789+01:00
Palmyraplaats 150,2624 NP Delft,106 m²,,"€ 395,000 k.k.",5 rooms,/en/koop/delft/appartement-42927087-palmyraplaats-150/,42927087,https://www.funda.nl/en/koop/delft/appartement-42927087-palmyraplaats-150/,2022-12-15T00:25:33.126789+01:00
Van Adrichemstraat 1,2614 BJ Delft,30 m²,,"€ 175,000 k.k.",2 rooms,/en/koop/delft/appartement-42908326-van-adrichemstraat-1/,42908326,https://www.funda.nl/en/koop/delft/appartement-42908326-van-adrichemstraat-1/,2022-12-15T00:25:33.126789+01:00
Akropolishof 25,2624 NJ Delft,138 m²,,"€ 495,000 k.k.",5 rooms,/en/koop/delft/appartement-42974639-akropolishof-25/,42974639,https://www.funda.nl/en/koop/delft/appartement-42974639-akropolishof-25/,2022-12-15T00:25:33.126789+01:00
Van Leeuwenhoekpark 310,2627 CP Delft,92 m²,,"€ 499,000 v.o.n.",3 rooms,/en/koop/delft/appartement-42780292-van-leeuwenhoekpark-310/,42780292,https://www.funda.nl/en/koop/delft/appartement-42780292-van-leeuwenhoekpark-310/,2022-12-15T00:25:33.126789+01:00
Westerstraat 110,2613 RK Delft,83 m²,76 m²,"€ 375,000 k.k.",4 rooms,/en/koop/delft/huis-42911726-westerstraat-110/,42911726,https://www.funda.nl/en/koop/delft/huis-42911726-westerstraat-110/,2022-12-15T00:25:33.126789+01:00
Frederik Matthesstraat 2,2613 ZZ Delft,77 m²,222 m²,"€ 535,000 k.k.",3 rooms,/en/koop/delft/huis-42910052-frederik-matthesstraat-2/,42910052,https://www.funda.nl/en/koop/delft/huis-42910052-frederik-matthesstraat-2/,2022-12-15T00:25:33.126789+01:00
De Vriesstraat 58,2613 CC Delft,109 m²,95 m²,"€ 475,000 k.k.",4 rooms,/en/koop/delft/huis-42919354-de-vriesstraat-58/,42919354,https://www.funda.nl/en/koop/delft/huis-42919354-de-vriesstraat-58/,2022-12-15T00:25:33.126789+01:00
Emiratenstraat 11,2622 KE Delft,117 m²,131 m²,"€ 400,000 k.k.",5 rooms,/en/koop/delft/huis-42919886-emiratenstraat-11/,42919886,https://www.funda.nl/en/koop/delft/huis-42919886-emiratenstraat-11/,2022-12-15T00:25:33.126789+01:00
Goudenregenlaan 35,2612 VS Delft,87 m²,212 m²,"€ 450,000 k.k.",4 rooms,/en/koop/delft/huis-42903785-goudenregenlaan-35/,42903785,https://www.funda.nl/en/koop/delft/huis-42903785-goudenregenlaan-35/,2022-12-15T00:25:33.126789+01:00
Zambezilaan 28,2622 DP Delft,111 m²,115 m²,"€ 419,000 k.k.",6 rooms,/en/koop/delft/huis-42992392-zambezilaan-28/,42992392,https://www.funda.nl/en/koop/delft/huis-42992392-zambezilaan-28/,2022-12-15T00:25:33.126789+01:00
Vijver Noord 13,2613 ZN Delft,86 m²,136 m²,"€ 445,000 k.k.",5 rooms,/en/koop/delft/huis-42990874-vijver-noord-13/,42990874,https://www.funda.nl/en/koop/delft/huis-42990874-vijver-noord-13/,2022-12-15T00:25:33.126789+01:00
Namibiëstraat 10,2622 LD Delft,121 m²,137 m²,"€ 395,000 k.k.",6 rooms,/en/koop/delft/huis-42981590-namibiestraat-10/,42981590,https://www.funda.nl/en/koop/delft/huis-42981590-namibiestraat-10/,2022-12-15T00:25:33.126789+01:00
De Vriesstraat 33,2613 CA Delft,100 m²,80 m²,"€ 525,000 k.k.",4 rooms,/en/koop/delft/huis-42979949-de-vriesstraat-33/,42979949,https://www.funda.nl/en/koop/delft/huis-42979949-de-vriesstraat-33/,2022-12-15T00:25:33.375704+01:00
Strawinskylaan 16,2625 NE Delft,105 m²,123 m²,"€ 350,000 k.k.",4 rooms,/en/koop/delft/huis-42968149-strawinskylaan-16/,42968149,https://www.funda.nl/en/koop/delft/huis-42968149-strawinskylaan-16/,2022-12-15T00:25:33.375704+01:00
Cornelis de Wittstraat 4,2613 GH Delft,76 m²,100 m²,"€ 345,000 k.k.",3 rooms,/en/koop/delft/huis-42837842-cornelis-de-wittstraat-4/,42837842,https://www.funda.nl/en/koop/delft/huis-42837842-cornelis-de-wittstraat-4/,2022-12-15T00:25:33.375704+01:00
Kristalweg 102,2614 SG Delft,125 m²,102 m²,"€ 565,000 k.k.",6 rooms,/en/koop/delft/huis-88308786-kristalweg-102/,88308786,https://www.funda.nl/en/koop/delft/huis-88308786-kristalweg-102/,2022-12-15T00:25:33.375704+01:00
Voorstraat 13,2611 JJ Delft,124 m²,63 m²,"€ 725,000 k.k.",5 rooms,/en/koop/delft/huis-42931745-voorstraat-13/,42931745,https://www.funda.nl/en/koop/delft/huis-42931745-voorstraat-13/,2022-12-15T00:25:33.375704+01:00
Jacob Catsstraat 16,2613 HB Delft,60 m²,,"€ 325,000 k.k.",3 rooms,/en/koop/delft/appartement-42937675-jacob-catsstraat-16/,42937675,https://www.funda.nl/en/koop/delft/appartement-42937675-jacob-catsstraat-16/,2022-12-15T00:25:33.375704+01:00
Derde Werelddreef 57,2622 HB Delft,61 m²,,"€ 225,000 k.k.",2 rooms,/en/koop/delft/appartement-42922638-derde-werelddreef-57/,42922638,https://www.funda.nl/en/koop/delft/appartement-42922638-derde-werelddreef-57/,2022-12-15T00:25:33.375704+01:00
Oude Delft 69 E,2611 BC Delft,72 m²,,"€ 400,000 k.k.",2 rooms,/en/koop/delft/appartement-42915481-oude-delft-69-e/,42915481,https://www.funda.nl/en/koop/delft/appartement-42915481-oude-delft-69-e/,2022-12-15T00:25:33.375704+01:00
Verkadestraat 31,2613 ZK Delft,52 m²,,"€ 295,000 k.k.",2 rooms,/en/koop/delft/appartement-42900986-verkadestraat-31/,42900986,https://www.funda.nl/en/koop/delft/appartement-42900986-verkadestraat-31/,2022-12-15T00:25:33.375704+01:00
Aalscholverring 34,2623 PD Delft,85 m²,115 m²,"€ 350,000 k.k.",4 rooms,/en/koop/delft/huis-42906822-aalscholverring-34/,42906822,https://www.funda.nl/en/koop/delft/huis-42906822-aalscholverring-34/,2022-12-15T00:25:33.375704+01:00
Roland Holstlaan 880,2624 JJ Delft,96 m²,,"€ 299,500 k.k.",4 rooms,/en/koop/delft/appartement-42991629-roland-holstlaan-880/,42991629,https://www.funda.nl/en/koop/delft/appartement-42991629-roland-holstlaan-880/,2022-12-15T00:25:33.375704+01:00
Gasthuislaan 65,2611 PX Delft,90 m²,,"€ 415,000 k.k.",3 rooms,/en/koop/delft/appartement-42995849-gasthuislaan-65/,42995849,https://www.funda.nl/en/koop/delft/appartement-42995849-gasthuislaan-65/,2022-12-15T00:25:33.375704+01:00
Abtswoude 19 a,2626 NC Delft,388 m²,"1,725 m²","€ 2,500,000 k.k.",6 rooms,/en/koop/delft/huis-42888526-abtswoude-19-a/,42888526,https://www.funda.nl/en/koop/delft/huis-42888526-abtswoude-19-a/,2022-12-15T00:25:33.375704+01:00
Jan Campertlaan 125,2624 PB Delft,90 m²,,"€ 275,000 k.k.",3 rooms,/en/koop/delft/appartement-42741144-jan-campertlaan-125/,42741144,https://www.funda.nl/en/koop/delft/appartement-42741144-jan-campertlaan-125/,2022-12-15T00:25:33.375704+01:00
Hopstraat 27,2611 TA Delft,58 m²,74 m²,"€ 300,000 k.k.",3 rooms,/en/koop/delft/huis-42774965-hopstraat-27/,42774965,https://www.funda.nl/en/koop/delft/huis-42774965-hopstraat-27/,2022-12-15T00:25:33.375704+01:00
Dirk Costerplein 276,2624 VC Delft,65 m²,,"€ 208,250 k.k.",4 rooms,/en/koop/delft/appartement-42059683-dirk-costerplein-276/,42059683,https://www.funda.nl/en/koop/delft/appartement-42059683-dirk-costerplein-276/,2022-12-15T00:25:33.554646+01:00
Lepelaarstraat 75,2623 JM Delft,70 m²,,"€ 242,250 k.k.",3 rooms,/en/koop/delft/appartement-42059672-lepelaarstraat-75/,42059672,https://www.funda.nl/en/koop/delft/appartement-42059672-lepelaarstraat-75/,2022-12-15T00:25:33.554646+01:00
Frank van Borselenstraat 28,2613 NL Delft,77 m²,,"€ 298,000 k.k.",4 rooms,/en/koop/delft/appartement-42923424-frank-van-borselenstraat-28/,42923424,https://www.funda.nl/en/koop/delft/appartement-42923424-frank-van-borselenstraat-28/,2022-12-15T00:25:33.554646+01:00
Prof. Krausstraat 74,2628 JP Delft,84 m²,,"€ 272,000 k.k.",4 rooms,/en/koop/delft/appartement-42918740-prof-krausstraat-74/,42918740,https://www.funda.nl/en/koop/delft/appartement-42918740-prof-krausstraat-74/,2022-12-15T00:25:33.554646+01:00
Dirk Costerplein 218,2624 VA Delft,64 m²,,"€ 212,500 k.k.",4 rooms,/en/koop/delft/appartement-42907158-dirk-costerplein-218/,42907158,https://www.funda.nl/en/koop/delft/appartement-42907158-dirk-costerplein-218/,2022-12-15T00:25:33.554646+01:00
Palmyraplaats 156,2624 NP Delft,72 m²,,"€ 335,000 k.k.",3 rooms,/en/koop/delft/appartement-42990708-palmyraplaats-156/,42990708,https://www.funda.nl/en/koop/delft/appartement-42990708-palmyraplaats-156/,2022-12-15T00:25:33.554646+01:00
Hugo de Grootstraat 102,2613 TX Delft,177 m²,,"€ 595,000 k.k.",7 rooms,/en/koop/delft/appartement-42990513-hugo-de-grootstraat-102/,42990513,https://www.funda.nl/en/koop/delft/appartement-42990513-hugo-de-grootstraat-102/,2022-12-15T00:25:33.554646+01:00
Teding van Berkhoutlaan 5,2614 AV Delft,141 m²,394 m²,"€ 725,000 k.k.",4 rooms,/en/koop/delft/huis-42919004-teding-van-berkhoutlaan-5/,42919004,https://www.funda.nl/en/koop/delft/huis-42919004-teding-van-berkhoutlaan-5/,2022-12-15T00:25:33.554646+01:00
Rooseveltlaan 17,2625 GL Delft,113 m²,168 m²,"€ 375,000 k.k.",5 rooms,/en/koop/delft/huis-42915179-rooseveltlaan-17/,42915179,https://www.funda.nl/en/koop/delft/huis-42915179-rooseveltlaan-17/,2022-12-15T00:25:33.554646+01:00
Kniekas 11,2614 SZ Delft,127 m²,155 m²,"€ 565,000 k.k.",5 rooms,/en/koop/delft/huis-42842112-kniekas-11/,42842112,https://www.funda.nl/en/koop/delft/huis-42842112-kniekas-11/,2022-12-15T00:25:33.554646+01:00
Delfgauwseweg 60,2628 EV Delft,194 m²,"1,875 m²","€ 1,150,000 k.k.",4 rooms,/en/koop/delft/huis-88335608-delfgauwseweg-60/,88335608,https://www.funda.nl/en/koop/delft/huis-88335608-delfgauwseweg-60/,2022-12-15T00:25:33.554646+01:00
Troelstralaan 228,2624 GB Delft,96 m²,110 m²,"€ 350,000 k.k.",4 rooms,/en/koop/delft/huis-42950497-troelstralaan-228/,42950497,https://www.funda.nl/en/koop/delft/huis-42950497-troelstralaan-228/,2022-12-15T00:25:33.554646+01:00
Menno ter Braaklaan 129,2624 TC Delft,105 m²,,"€ 300,000 k.k.",5 rooms,/en/koop/delft/appartement-42973783-menno-ter-braaklaan-129/,42973783,https://www.funda.nl/en/koop/delft/appartement-42973783-menno-ter-braaklaan-129/,2022-12-15T00:25:33.554646+01:00
Jan Campertlaan 39,2624 NZ Delft,115 m²,,"€ 315,000 k.k.",5 rooms,/en/koop/delft/appartement-42832804-jan-campertlaan-39/,42832804,https://www.funda.nl/en/koop/delft/appartement-42832804-jan-campertlaan-39/,2022-12-15T00:25:33.554646+01:00
Ternatestraat 76,2612 BH Delft,73 m²,,"€ 325,000 k.k.",4 rooms,/en/koop/delft/appartement-88301023-ternatestraat-76/,88301023,https://www.funda.nl/en/koop/delft/appartement-88301023-ternatestraat-76/,2022-12-15T00:25:33.554646+01:00
Herman Gorterhof 112,2624 XJ Delft,75 m²,,"€ 270,000 k.k.",4 rooms,/en/koop/delft/appartement-42903164-herman-gorterhof-112/,42903164,https://www.funda.nl/en/koop/delft/appartement-42903164-herman-gorterhof-112/,2022-12-15T00:25:33.745572+01:00
Van Adrichemstraat 3,2614 BJ Delft,28 m²,,"€ 175,000 k.k.",1 room,/en/koop/delft/appartement-42908275-van-adrichemstraat-3/,42908275,https://www.funda.nl/en/koop/delft/appartement-42908275-van-adrichemstraat-3/,2022-12-15T00:25:33.745572+01:00
Van Foreestweg 258,2614 CM Delft,73 m²,,"€ 290,000 k.k.",4 rooms,/en/koop/delft/appartement-42613477-van-foreestweg-258/,42613477,https://www.funda.nl/en/koop/delft/appartement-42613477-van-foreestweg-258/,2022-12-15T00:25:33.745572+01:00
Minderbroerstraat 30,2611 MV Delft,53 m²,60 m²,"€ 195,000 k.k.",3 rooms,/en/koop/delft/huis-42066326-minderbroerstraat-30/,42066326,https://www.funda.nl/en/koop/delft/huis-42066326-minderbroerstraat-30/,2022-12-15T00:25:33.745572+01:00
Oranjestraat 35,2611 SX Delft,80 m²,,"€ 325,000 k.k.",4 rooms,/en/koop/delft/appartement-42980187-oranjestraat-35/,42980187,https://www.funda.nl/en/koop/delft/appartement-42980187-oranjestraat-35/,2022-12-15T00:25:33.745572+01:00
Herculesweg 144,2624 VV Delft,93 m²,,"€ 229,500 k.k.",4 rooms,/en/koop/delft/appartement-42055261-herculesweg-144/,42055261,https://www.funda.nl/en/koop/delft/appartement-42055261-herculesweg-144/,2022-12-15T00:25:33.745572+01:00
Persijnlaan 67,2614 AD Delft,62 m²,,"€ 235,000 k.k.",3 rooms,/en/koop/delft/appartement-42942156-persijnlaan-67/,42942156,https://www.funda.nl/en/koop/delft/appartement-42942156-persijnlaan-67/,2022-12-15T00:25:33.745572+01:00
Paulus Buijsstraat 65,2613 HM Delft,75 m²,,"€ 300,000 k.k.",4 rooms,/en/koop/delft/appartement-42905531-paulus-buijsstraat-65/,42905531,https://www.funda.nl/en/koop/delft/appartement-42905531-paulus-buijsstraat-65/,2022-12-15T00:25:33.745572+01:00
Oranjestraat 14,2611 SZ Delft,65 m²,,"€ 325,000 k.k.",3 rooms,/en/koop/delft/appartement-42980217-oranjestraat-14/,42980217,https://www.funda.nl/en/koop/delft/appartement-42980217-oranjestraat-14/,2022-12-15T00:25:33.745572+01:00
Ruivenstraat 3,2629 HL Delft,118 m²,87 m²,"€ 435,000 k.k.",5 rooms,/en/koop/delft/huis-88350873-ruivenstraat-3/,88350873,https://www.funda.nl/en/koop/delft/huis-88350873-ruivenstraat-3/,2022-12-15T00:25:33.745572+01:00
Menno ter Braaklaan 25,2624 TA Delft,93 m²,,"€ 225,000 k.k.",4 rooms,/en/koop/delft/appartement-42921408-menno-ter-braaklaan-25/,42921408,https://www.funda.nl/en/koop/delft/appartement-42921408-menno-ter-braaklaan-25/,2022-12-15T00:25:33.745572+01:00
Brede gezinswoning (Bouwnr. 78),2628 AA Delft,168 m²,,"€ 731,243 v.o.n.",6 rooms,/en/koop/delft/huis-42932468-brede-gezinswoning-bouwnr-78/,42932468,https://www.funda.nl/en/koop/delft/huis-42932468-brede-gezinswoning-bouwnr-78/,2022-12-15T00:25:33.745572+01:00
Westerstraat 5,2613 RD Delft,91 m²,62 m²,"€ 435,000 k.k.",4 rooms,/en/koop/delft/huis-88411694-westerstraat-5/,88411694,https://www.funda.nl/en/koop/delft/huis-88411694-westerstraat-5/,2022-12-15T00:25:33.745572+01:00
Jan Campertlaan 175,2624 PC Delft,104 m²,,"€ 285,000 k.k.",4 rooms,/en/koop/delft/appartement-42924859-jan-campertlaan-175/,42924859,https://www.funda.nl/en/koop/delft/appartement-42924859-jan-campertlaan-175/,2022-12-15T00:25:33.745572+01:00
Julianalaan 49,2628 BC Delft,128 m²,,"€ 395,000 k.k.",7 rooms,/en/koop/delft/appartement-42941820-julianalaan-49/,42941820,https://www.funda.nl/en/koop/delft/appartement-42941820-julianalaan-49/,2022-12-15T00:25:33.745572+01:00
Montgomerylaan 244,2625 PV Delft,94 m²,,"€ 284,000 k.k.",4 rooms,/en/koop/delft/appartement-88351179-montgomerylaan-244/,88351179,https://www.funda.nl/en/koop/delft/appartement-88351179-montgomerylaan-244/,2022-12-15T00:25:34.005487+01:00
Coenderstraat (Bouwnr. W39),2611 Delft,144 m²,,"€ 1,220,500 v.o.n.",4 rooms,/en/koop/delft/appartement-42602264-coenderstraat-bouwnr-w39/,42602264,https://www.funda.nl/en/koop/delft/appartement-42602264-coenderstraat-bouwnr-w39/,2022-12-15T00:25:34.005487+01:00
Coenderstraat (Bouwnr. W31),2611 Delft,132 m²,,"€ 985,000 v.o.n.",3 rooms,/en/koop/delft/appartement-42472721-coenderstraat-bouwnr-w31/,42472721,https://www.funda.nl/en/koop/delft/appartement-42472721-coenderstraat-bouwnr-w31/,2022-12-15T00:25:34.005487+01:00
Coenderstraat (Bouwnr. L1),2611 Delft,158 m²,,"€ 984,000 v.o.n.",4 rooms,/en/koop/delft/appartement-42472720-coenderstraat-bouwnr-l1/,42472720,https://www.funda.nl/en/koop/delft/appartement-42472720-coenderstraat-bouwnr-l1/,2022-12-15T00:25:34.005487+01:00
Coenderstraat (Bouwnr. W43),2611 Delft,151 m²,,"€ 1,028,500 v.o.n.",3 rooms,/en/koop/delft/appartement-42472729-coenderstraat-bouwnr-w43/,42472729,https://www.funda.nl/en/koop/delft/appartement-42472729-coenderstraat-bouwnr-w43/,2022-12-15T00:25:34.005487+01:00
Coenderstraat (Bouwnr. W25),2611 Delft,116 m²,,"€ 866,000 v.o.n.",3 rooms,/en/koop/delft/appartement-42472716-coenderstraat-bouwnr-w25/,42472716,https://www.funda.nl/en/koop/delft/appartement-42472716-coenderstraat-bouwnr-w25/,2022-12-15T00:25:34.005487+01:00
Coenderstraat (Bouwnr. W12),2611 Delft,118 m²,,"€ 767,000 v.o.n.",3 rooms,/en/koop/delft/appartement-42472709-coenderstraat-bouwnr-w12/,42472709,https://www.funda.nl/en/koop/delft/appartement-42472709-coenderstraat-bouwnr-w12/,2022-12-15T00:25:34.005487+01:00
Coenderstraat (Bouwnr. W22),2611 Delft,179 m²,,"€ 1,357,000 v.o.n.",3 rooms,/en/koop/delft/appartement-42472708-coenderstraat-bouwnr-w22/,42472708,https://www.funda.nl/en/koop/delft/appartement-42472708-coenderstraat-bouwnr-w22/,2022-12-15T00:25:34.005487+01:00
Coenderstraat (Bouwnr. W9),2611 Delft,175 m²,,"€ 1,232,000 v.o.n.",3 rooms,/en/koop/delft/appartement-42472792-coenderstraat-bouwnr-w9/,42472792,https://www.funda.nl/en/koop/delft/appartement-42472792-coenderstraat-bouwnr-w9/,2022-12-15T00:25:34.005487+01:00
Coenderstraat (Bouwnr. L2),2611 Delft,103 m²,,"€ 691,000 v.o.n.",3 rooms,/en/koop/delft/appartement-42472799-coenderstraat-bouwnr-l2/,42472799,https://www.funda.nl/en/koop/delft/appartement-42472799-coenderstraat-bouwnr-l2/,2022-12-15T00:25:34.005487+01:00
Coenderstraat (Bouwnr. W10),2611 Delft,200 m²,,"€ 1,326,000 v.o.n.",5 rooms,/en/koop/delft/appartement-42472798-coenderstraat-bouwnr-w10/,42472798,https://www.funda.nl/en/koop/delft/appartement-42472798-coenderstraat-bouwnr-w10/,2022-12-15T00:25:34.005487+01:00
Coenderstraat (Bouwnr. W19),2611 Delft,137 m²,,"€ 891,000 v.o.n.",3 rooms,/en/koop/delft/appartement-42472795-coenderstraat-bouwnr-w19/,42472795,https://www.funda.nl/en/koop/delft/appartement-42472795-coenderstraat-bouwnr-w19/,2022-12-15T00:25:34.005487+01:00
Coenderstraat (Bouwnr. W2),2611 Delft,117 m²,,"€ 753,000 v.o.n.",3 rooms,/en/koop/delft/appartement-42472793-coenderstraat-bouwnr-w2/,42472793,https://www.funda.nl/en/koop/delft/appartement-42472793-coenderstraat-bouwnr-w2/,2022-12-15T00:25:34.005487+01:00
Royale gezinswoning (Bouwnr. 137),2628 ZS Delft,132 m²,142 m²,"€ 610,000 v.o.n.",5 rooms,/en/koop/delft/huis-42958376-royale-gezinswoning-bouwnr-137/,42958376,https://www.funda.nl/en/koop/delft/huis-42958376-royale-gezinswoning-bouwnr-137/,2022-12-15T00:25:34.005487+01:00
Brede gezinswoning (Bouwnr. 173),2628 ZS Delft,161 m²,156 m²,"€ 695,000 v.o.n.",6 rooms,/en/koop/delft/huis-42958375-brede-gezinswoning-bouwnr-173/,42958375,https://www.funda.nl/en/koop/delft/huis-42958375-brede-gezinswoning-bouwnr-173/,2022-12-15T00:25:34.005487+01:00
Mackaystraat 21,2613 WJ Delft,98 m²,112 m²,"€ 530,000 k.k.",5 rooms,/en/koop/delft/huis-42963158-mackaystraat-21/,42963158,https://www.funda.nl/en/koop/delft/huis-42963158-mackaystraat-21/,2022-12-15T00:25:34.191429+01:00
Hendrik Marsmanlaan 114,2624 TM Delft,147 m²,213 m²,"€ 555,000 k.k.",6 rooms,/en/koop/delft/huis-42969697-hendrik-marsmanlaan-114/,42969697,https://www.funda.nl/en/koop/delft/huis-42969697-hendrik-marsmanlaan-114/,2022-12-15T00:25:34.191429+01:00
Schimmelpenninckstraat 20,2613 TK Delft,67 m²,60 m²,"€ 298,000 k.k.",3 rooms,/en/koop/delft/huis-42951118-schimmelpenninckstraat-20/,42951118,https://www.funda.nl/en/koop/delft/huis-42951118-schimmelpenninckstraat-20/,2022-12-15T00:25:34.191429+01:00
Vrouwenregt 4,2611 KK Delft,190 m²,114 m²,"€ 945,000 k.k.",6 rooms,/en/koop/delft/huis-42959221-vrouwenregt-4/,42959221,https://www.funda.nl/en/koop/delft/huis-42959221-vrouwenregt-4/,2022-12-15T00:25:34.191429+01:00
Toscaninipad 2,2625 ZG Delft,131 m²,112 m²,"€ 399,000 k.k.",4 rooms,/en/koop/delft/huis-42958550-toscaninipad-2/,42958550,https://www.funda.nl/en/koop/delft/huis-42958550-toscaninipad-2/,2022-12-15T00:25:34.191429+01:00
Schutterstraat 9,2611 MX Delft,147 m²,142 m²,"€ 869,000 k.k.",5 rooms,/en/koop/delft/huis-42844205-schutterstraat-9/,42844205,https://www.funda.nl/en/koop/delft/huis-42844205-schutterstraat-9/,2022-12-15T00:25:34.191429+01:00
Willemstraat 63,2613 DS Delft,161 m²,120 m²,"€ 675,000 k.k.",6 rooms,/en/koop/delft/huis-42839275-willemstraat-63/,42839275,https://www.funda.nl/en/koop/delft/huis-42839275-willemstraat-63/,2022-12-15T00:25:34.191429+01:00
Korenmolen 19,2614 LV Delft,187 m²,125 m²,"€ 749,000 k.k.",6 rooms,/en/koop/delft/huis-42820400-korenmolen-19/,42820400,https://www.funda.nl/en/koop/delft/huis-42820400-korenmolen-19/,2022-12-15T00:25:34.191429+01:00
Amazoneweg 40,2622 DS Delft,130 m²,111 m²,"€ 475,000 k.k.",4 rooms,/en/koop/delft/huis-42829100-amazoneweg-40/,42829100,https://www.funda.nl/en/koop/delft/huis-42829100-amazoneweg-40/,2022-12-15T00:25:34.191429+01:00
Spoorsingel 12,2613 BD Delft,285 m²,205 m²,"€ 1,245,000 k.k.",10 rooms,/en/koop/delft/huis-42895690-spoorsingel-12/,42895690,https://www.funda.nl/en/koop/delft/huis-42895690-spoorsingel-12/,2022-12-15T00:25:34.191429+01:00
Kortenhoeve 4,2614 ME Delft,143 m²,147 m²,"€ 619,500 k.k.",5 rooms,/en/koop/delft/huis-42886871-kortenhoeve-4/,42886871,https://www.funda.nl/en/koop/delft/huis-42886871-kortenhoeve-4/,2022-12-15T00:25:34.191429+01:00
Oosteinde 171 171A,2611 VD Delft,318 m²,316 m²,"€ 1,600,000 k.k.",9 rooms,/en/koop/delft/huis-42853761-oosteinde-171-171a/,42853761,https://www.funda.nl/en/koop/delft/huis-42853761-oosteinde-171-171a/,2022-12-15T00:25:34.191429+01:00
Kolk 15,2611 KC Delft,198 m²,78 m²,"€ 795,000 k.k.",5 rooms,/en/koop/delft/huis-42751488-kolk-15/,42751488,https://www.funda.nl/en/koop/delft/huis-42751488-kolk-15/,2022-12-15T00:25:34.191429+01:00
Persijnlaan 32,2614 AB Delft,64 m²,,"€ 269,000 k.k.",3 rooms,/en/koop/delft/appartement-42057711-persijnlaan-32/,42057711,https://www.funda.nl/en/koop/delft/appartement-42057711-persijnlaan-32/,2022-12-15T00:25:34.191429+01:00
Kantoorgracht 74 J,2611 PE Delft,138 m²,,"€ 750,000 k.k.",4 rooms,/en/koop/delft/appartement-42940693-kantoorgracht-74-j/,42940693,https://www.funda.nl/en/koop/delft/appartement-42940693-kantoorgracht-74-j/,2022-12-15T00:25:34.191429+01:00
Gravin Margarethastraat 9,2613 JT Delft,156 m²,107 m²,"€ 925,000 k.k.",6 rooms,/en/koop/delft/huis-42990491-gravin-margarethastraat-9/,42990491,https://www.funda.nl/en/koop/delft/huis-42990491-gravin-margarethastraat-9/,2022-12-15T00:25:34.358386+01:00
Scheepmakerij 7,2628 AA Delft,116 m²,85 m²,"€ 600,000 k.k.",5 rooms,/en/koop/delft/huis-42999311-scheepmakerij-7/,42999311,https://www.funda.nl/en/koop/delft/huis-42999311-scheepmakerij-7/,2022-12-15T00:25:34.358386+01:00
Kluutring 15,2623 NM Delft,129 m²,122 m²,"€ 395,000 k.k.",6 rooms,/en/koop/delft/huis-42984632-kluutring-15/,42984632,https://www.funda.nl/en/koop/delft/huis-42984632-kluutring-15/,2022-12-15T00:25:34.358386+01:00
Hof van Saffier 2,2614 TJ Delft,119 m²,93 m²,"€ 485,000 k.k.",6 rooms,/en/koop/delft/huis-42983427-hof-van-saffier-2/,42983427,https://www.funda.nl/en/koop/delft/huis-42983427-hof-van-saffier-2/,2022-12-15T00:25:34.358386+01:00
De Vlouw 14,2611 EX Delft,181 m²,104 m²,"€ 675,000 k.k.",5 rooms,/en/koop/delft/huis-42982686-de-vlouw-14/,42982686,https://www.funda.nl/en/koop/delft/huis-42982686-de-vlouw-14/,2022-12-15T00:25:34.358386+01:00
Jan Campertlaan 287,2624 PD Delft,149 m²,392 m²,"€ 495,000 k.k.",7 rooms,/en/koop/delft/huis-42979265-jan-campertlaan-287/,42979265,https://www.funda.nl/en/koop/delft/huis-42979265-jan-campertlaan-287/,2022-12-15T00:25:34.358386+01:00
Noweetuinen 10,2614 KJ Delft,140 m²,213 m²,"€ 669,000 k.k.",5 rooms,/en/koop/delft/huis-42977802-noweetuinen-10/,42977802,https://www.funda.nl/en/koop/delft/huis-42977802-noweetuinen-10/,2022-12-15T00:25:34.358386+01:00
Marie Besstraat 2,2614 HK Delft,94 m²,138 m²,"€ 389,000 k.k.",5 rooms,/en/koop/delft/huis-42839029-marie-besstraat-2/,42839029,https://www.funda.nl/en/koop/delft/huis-42839029-marie-besstraat-2/,2022-12-15T00:25:34.358386+01:00
Van Barenstraat 25,2628 LC Delft,125 m²,162 m²,"€ 585,000 k.k.",5 rooms,/en/koop/delft/huis-42817356-van-barenstraat-25/,42817356,https://www.funda.nl/en/koop/delft/huis-42817356-van-barenstraat-25/,2022-12-15T00:25:34.358386+01:00
Buitenwatersloot 325 B,2614 GS Delft,229 m²,362 m²,"€ 1,125,000 k.k.",7 rooms,/en/koop/delft/huis-42703434-buitenwatersloot-325-b/,42703434,https://www.funda.nl/en/koop/delft/huis-42703434-buitenwatersloot-325-b/,2022-12-15T00:25:34.358386+01:00
Meeslaan 20,2613 ZD Delft,61 m²,,"€ 295,000 k.k.",3 rooms,/en/koop/delft/appartement-42913948-meeslaan-20/,42913948,https://www.funda.nl/en/koop/delft/appartement-42913948-meeslaan-20/,2022-12-15T00:25:34.358386+01:00
Papsouwselaan 227,2624 AN Delft,90 m²,,"€ 320,000 k.k.",3 rooms,/en/koop/delft/appartement-42900754-papsouwselaan-227/,42900754,https://www.funda.nl/en/koop/delft/appartement-42900754-papsouwselaan-227/,2022-12-15T00:25:34.358386+01:00
Montgomerylaan 174,2625 PT Delft,93 m²,,"€ 260,000 k.k.",4 rooms,/en/koop/delft/appartement-88346490-montgomerylaan-174/,88346490,https://www.funda.nl/en/koop/delft/appartement-88346490-montgomerylaan-174/,2022-12-15T00:25:34.358386+01:00
Aletta Jacobsstraat 34,2614 HG Delft,61 m²,,"€ 289,000 k.k.",2 rooms,/en/koop/delft/appartement-42959558-aletta-jacobsstraat-34/,42959558,https://www.funda.nl/en/koop/delft/appartement-42959558-aletta-jacobsstraat-34/,2022-12-15T00:25:34.358386+01:00
Van Foreestweg 274,2614 CM Delft,65 m²,,"€ 275,000 k.k.",4 rooms,/en/koop/delft/appartement-42842640-van-foreestweg-274/,42842640,https://www.funda.nl/en/koop/delft/appartement-42842640-van-foreestweg-274/,2022-12-15T00:25:34.358386+01:00
Bosboom-Toussaintplein 152,2624 DK Delft,65 m²,,"€ 249,000 k.k.",4 rooms,/en/koop/delft/appartement-88283318-bosboom-toussaintplein-152/,88283318,https://www.funda.nl/en/koop/delft/appartement-88283318-bosboom-toussaintplein-152/,2022-12-15T00:25:34.647280+01:00
Lodenvloer 47,2614 HD Delft,130 m²,108 m²,"€ 575,000 k.k.",6 rooms,/en/koop/delft/huis-42903287-lodenvloer-47/,42903287,https://www.funda.nl/en/koop/delft/huis-42903287-lodenvloer-47/,2022-12-15T00:25:34.647280+01:00
Aziëlaan 303,2622 JM Delft,83 m²,121 m²,"€ 359,000 k.k.",4 rooms,/en/koop/delft/huis-42907169-azielaan-303/,42907169,https://www.funda.nl/en/koop/delft/huis-42907169-azielaan-303/,2022-12-15T00:25:34.647280+01:00
Orinocostraat 12,2622 BW Delft,111 m²,170 m²,"€ 425,000 k.k.",5 rooms,/en/koop/delft/huis-42907843-orinocostraat-12/,42907843,https://www.funda.nl/en/koop/delft/huis-42907843-orinocostraat-12/,2022-12-15T00:25:34.647280+01:00
Churchilllaan 72,2625 GW Delft,118 m²,148 m²,"€ 400,000 k.k.",5 rooms,/en/koop/delft/huis-42987642-churchilllaan-72/,42987642,https://www.funda.nl/en/koop/delft/huis-42987642-churchilllaan-72/,2022-12-15T00:25:34.647280+01:00
Elzenlaan 108,2612 VX Delft,145 m²,123 m²,"€ 595,000 k.k.",5 rooms,/en/koop/delft/huis-42972807-elzenlaan-108/,42972807,https://www.funda.nl/en/koop/delft/huis-42972807-elzenlaan-108/,2022-12-15T00:25:34.647280+01:00
Hendrik Tollensstraat 314,2624 BS Delft,65 m²,,"€ 259,000 k.k.",4 rooms,/en/koop/delft/appartement-42935332-hendrik-tollensstraat-314/,42935332,https://www.funda.nl/en/koop/delft/appartement-42935332-hendrik-tollensstraat-314/,2022-12-15T00:25:34.647280+01:00
Vesteplein 118,2611 WG Delft,43 m²,,"€ 219,500 k.k.",2 rooms,/en/koop/delft/appartement-42935045-vesteplein-118/,42935045,https://www.funda.nl/en/koop/delft/appartement-42935045-vesteplein-118/,2022-12-15T00:25:34.647280+01:00
Oosteinde 228 A,2611 SV Delft,177 m²,,"€ 845,000 k.k.",5 rooms,/en/koop/delft/appartement-42920733-oosteinde-228-a/,42920733,https://www.funda.nl/en/koop/delft/appartement-42920733-oosteinde-228-a/,2022-12-15T00:25:34.647280+01:00
De Vlouw 1,2611 EW Delft,84 m²,,"€ 400,000 k.k.",2 rooms,/en/koop/delft/appartement-42914631-de-vlouw-1/,42914631,https://www.funda.nl/en/koop/delft/appartement-42914631-de-vlouw-1/,2022-12-15T00:25:34.647280+01:00
C. Fockstraat 87,2613 DD Delft,72 m²,,"€ 348,000 k.k.",3 rooms,/en/koop/delft/appartement-42901306-c-fockstraat-87/,42901306,https://www.funda.nl/en/koop/delft/appartement-42901306-c-fockstraat-87/,2022-12-15T00:25:34.647280+01:00
Nieuwstraat 6 A,2611 HK Delft,117 m²,,"€ 399,000 k.k.",3 rooms,/en/koop/delft/appartement-42707837-nieuwstraat-6-a/,42707837,https://www.funda.nl/en/koop/delft/appartement-42707837-nieuwstraat-6-a/,2022-12-15T00:25:34.647280+01:00
Laan van Van der Gaag 5,2627 BS Delft,97 m²,120 m²,"€ 475,000 k.k.",4 rooms,/en/koop/delft/huis-42931221-laan-van-van-der-gaag-5/,42931221,https://www.funda.nl/en/koop/delft/huis-42931221-laan-van-van-der-gaag-5/,2022-12-15T00:25:34.647280+01:00
Omanstraat 8,2622 GZ Delft,124 m²,138 m²,"€ 419,000 k.k.",5 rooms,/en/koop/delft/huis-42917520-omanstraat-8/,42917520,https://www.funda.nl/en/koop/delft/huis-42917520-omanstraat-8/,2022-12-15T00:25:34.647280+01:00
Ramaerstraat 2,2612 ER Delft,106 m²,94 m²,"€ 459,000 k.k.",5 rooms,/en/koop/delft/huis-42915109-ramaerstraat-2/,42915109,https://www.funda.nl/en/koop/delft/huis-42915109-ramaerstraat-2/,2022-12-15T00:25:34.647280+01:00
Jan de Wittstraat 17,2613 TP Delft,76 m²,"2,848 m²","€ 339,000 k.k.",3 rooms,/en/koop/delft/huis-42931674-jan-de-wittstraat-17/,42931674,https://www.funda.nl/en/koop/delft/huis-42931674-jan-de-wittstraat-17/,2022-12-15T00:25:34.812239+01:00
De Vriesstraat 80,2613 CC Delft,105 m²,122 m²,"€ 475,000 k.k.",5 rooms,/en/koop/delft/huis-42922219-de-vriesstraat-80/,42922219,https://www.funda.nl/en/koop/delft/huis-42922219-de-vriesstraat-80/,2022-12-15T00:25:34.812239+01:00
Hendrick de Keyserweg 115 .,2612 KC Delft,114 m²,,"€ 369,000 k.k.",4 rooms,/en/koop/delft/huis-42926221-hendrick-de-keyserweg-115/,42926221,https://www.funda.nl/en/koop/delft/huis-42926221-hendrick-de-keyserweg-115/,2022-12-15T00:25:34.812239+01:00
Pieter Hendrikstraat 5,2611 XS Delft,103 m²,79 m²,"€ 439,000 k.k.",4 rooms,/en/koop/delft/huis-42911656-pieter-hendrikstraat-5/,42911656,https://www.funda.nl/en/koop/delft/huis-42911656-pieter-hendrikstraat-5/,2022-12-15T00:25:34.812239+01:00
Timorstraat 35,2612 EH Delft,113 m²,125 m²,"€ 585,000 k.k.",6 rooms,/en/koop/delft/huis-42905550-timorstraat-35/,42905550,https://www.funda.nl/en/koop/delft/huis-42905550-timorstraat-35/,2022-12-15T00:25:34.812239+01:00
Caspar Fagelstraat 32,2613 GW Delft,71 m²,,"€ 299,000 k.k.",3 rooms,/en/koop/delft/appartement-42056463-caspar-fagelstraat-32/,42056463,https://www.funda.nl/en/koop/delft/appartement-42056463-caspar-fagelstraat-32/,2022-12-15T00:25:34.812239+01:00
C. Fockstraat 94,2613 DH Delft,64 m²,,"€ 325,000 k.k.",3 rooms,/en/koop/delft/appartement-42942983-c-fockstraat-94/,42942983,https://www.funda.nl/en/koop/delft/appartement-42942983-c-fockstraat-94/,2022-12-15T00:25:34.812239+01:00
Litouwen 7,2613 MB Delft,75 m²,,"€ 325,000 k.k.",3 rooms,/en/koop/delft/appartement-42930457-litouwen-7/,42930457,https://www.funda.nl/en/koop/delft/appartement-42930457-litouwen-7/,2022-12-15T00:25:34.812239+01:00
J.J. Slauerhofflaan 45,2624 JV Delft,105 m²,,"€ 320,000 k.k.",3 rooms,/en/koop/delft/appartement-88392712-jj-slauerhofflaan-45/,88392712,https://www.funda.nl/en/koop/delft/appartement-88392712-jj-slauerhofflaan-45/,2022-12-15T00:25:34.812239+01:00
Icarusweg 87,2624 BE Delft,79 m²,,"€ 375,000 k.k.",3 rooms,/en/koop/delft/appartement-88387108-icarusweg-87/,88387108,https://www.funda.nl/en/koop/delft/appartement-88387108-icarusweg-87/,2022-12-15T00:25:34.812239+01:00
Roland Holstlaan 865,2624 KD Delft,74 m²,,"€ 285,000 k.k.",3 rooms,/en/koop/delft/appartement-42996730-roland-holstlaan-865/,42996730,https://www.funda.nl/en/koop/delft/appartement-42996730-roland-holstlaan-865/,2022-12-15T00:25:34.812239+01:00
Menno ter Braaklaan 211,2624 TE Delft,106 m²,,"€ 275,000 k.k.",4 rooms,/en/koop/delft/appartement-42843012-menno-ter-braaklaan-211/,42843012,https://www.funda.nl/en/koop/delft/appartement-42843012-menno-ter-braaklaan-211/,2022-12-15T00:25:34.812239+01:00
Zuideinde 228,2627 CE Delft,85 m²,,"€ 450,000 k.k.",3 rooms,/en/koop/delft/appartement-42057874-zuideinde-228/,42057874,https://www.funda.nl/en/koop/delft/appartement-42057874-zuideinde-228/,2022-12-15T00:25:34.812239+01:00
Montgomerylaan 202,2625 PT Delft,95 m²,,"€ 275,000 k.k.",4 rooms,/en/koop/delft/appartement-42947022-montgomerylaan-202/,42947022,https://www.funda.nl/en/koop/delft/appartement-42947022-montgomerylaan-202/,2022-12-15T00:25:34.812239+01:00
J.J. Slauerhofflaan 183,2624 JZ Delft,104 m²,,"€ 285,000 k.k.",4 rooms,/en/koop/delft/appartement-42921326-jj-slauerhofflaan-183/,42921326,https://www.funda.nl/en/koop/delft/appartement-42921326-jj-slauerhofflaan-183/,2022-12-15T00:25:34.812239+01:00
Markt 48 B,2611 GV Delft,143 m²,,"€ 645,000 k.k.",6 rooms,/en/koop/delft/appartement-42764887-markt-48-b/,42764887,https://www.funda.nl/en/koop/delft/appartement-42764887-markt-48-b/,2022-12-15T00:25:34.813226+01:00
Prof. Oudemansstraat 34,2628 KE Delft,88 m²,126 m²,"€ 350,000 k.k.",5 rooms,/en/koop/delft/huis-42833186-prof-oudemansstraat-34/,42833186,https://www.funda.nl/en/koop/delft/huis-42833186-prof-oudemansstraat-34/,2022-12-15T00:25:34.813226+01:00
Royale gezinswoning (Bouwnr. 114),2628 AA Delft,134 m²,,"€ 627,500 v.o.n.",5 rooms,/en/koop/delft/huis-42789022-royale-gezinswoning-bouwnr-114/,42789022,https://www.funda.nl/en/koop/delft/huis-42789022-royale-gezinswoning-bouwnr-114/,2022-12-15T00:25:34.813226+01:00
Van Lodensteynstraat 105,2612 SB Delft,58 m²,,"€ 208,250 k.k.",4 rooms,/en/koop/delft/appartement-42950498-van-lodensteynstraat-105/,42950498,https://www.funda.nl/en/koop/delft/appartement-42950498-van-lodensteynstraat-105/,2022-12-15T00:25:34.813226+01:00
Ternatestraat 71,2612 AX Delft,66 m²,,"€ 270,000 k.k.",2 rooms,/en/koop/delft/appartement-88334405-ternatestraat-71/,88334405,https://www.funda.nl/en/koop/delft/appartement-88334405-ternatestraat-71/,2022-12-15T00:25:34.813226+01:00
"Nieuw Delftse Poort, Bouwnummer 6",2627 CS Delft,126 m²,,"€ 625,000 v.o.n.",3 rooms,/en/koop/delft/appartement-42997864-nieuw-delftse-poort-bouwnummer-6/,42997864,https://www.funda.nl/en/koop/delft/appartement-42997864-nieuw-delftse-poort-bouwnummer-6/,2022-12-15T00:25:34.813226+01:00
Nieuwe Plantage 123,2611 XV Delft,90 m²,,"€ 495,000 k.k.",3 rooms,/en/koop/delft/huis-42828802-nieuwe-plantage-123/,42828802,https://www.funda.nl/en/koop/delft/huis-42828802-nieuwe-plantage-123/,2022-12-15T00:25:34.813226+01:00
Vrijstaande villa (Bouwnr. 138),2628 ZS Delft,180 m²,367 m²,"€ 945,000 v.o.n.",6 rooms,/en/koop/delft/huis-42958384-vrijstaande-villa-bouwnr-138/,42958384,https://www.funda.nl/en/koop/delft/huis-42958384-vrijstaande-villa-bouwnr-138/,2022-12-15T00:25:34.813226+01:00
Special hoekrijwoning (Bouwnr. 129),2628 ZS Delft,232 m²,148 m²,"€ 770,000 v.o.n.",6 rooms,/en/koop/delft/huis-42958241-special-hoekrijwoning-bouwnr-129/,42958241,https://www.funda.nl/en/koop/delft/huis-42958241-special-hoekrijwoning-bouwnr-129/,2022-12-15T00:25:34.813226+01:00
Icarusweg 21,2624 BE Delft,,18 m²,"€ 39,950 k.k.",,/en/koop/delft/parkeergelegenheid-42949862-icarusweg-21/,42949862,https://www.funda.nl/en/koop/delft/parkeergelegenheid-42949862-icarusweg-21/,2022-12-15T00:25:34.813226+01:00
Twee-onder-een-kapwoning XL (Bouwnr. 167),2628 ZS Delft,178 m²,375 m²,"€ 895,000 v.o.n.",6 rooms,/en/koop/delft/huis-42958387-twee-onder-een-kapwoning-xl-bouwnr-167/,42958387,https://www.funda.nl/en/koop/delft/huis-42958387-twee-onder-een-kapwoning-xl-bouwnr-167/,2022-12-15T00:25:34.813226+01:00
Raam,2611 WP Delft,,18 m²,"€ 32,500 k.k.",,/en/koop/delft/parkeergelegenheid-42557457-raam/,42557457,https://www.funda.nl/en/koop/delft/parkeergelegenheid-42557457-raam/,2022-12-15T00:25:34.813226+01:00
Molensingel 5,2614 LA Delft,196 m²,113 m²,"€ 700,000 k.k.",9 rooms,/en/koop/delft/huis-88201331-molensingel-5/,88201331,https://www.funda.nl/en/koop/delft/huis-88201331-molensingel-5/,2022-12-15T00:25:34.813226+01:00
Roland Holstlaan 941,2624 KG Delft,61 m²,,"€ 249,000 k.k.",2 rooms,/en/koop/delft/appartement-42942018-roland-holstlaan-941/,42942018,https://www.funda.nl/en/koop/delft/appartement-42942018-roland-holstlaan-941/,2022-12-15T00:25:35.001633+01:00
Adama van Scheltemaplein 55,2624 PH Delft,115 m²,,"€ 295,000 k.k.",5 rooms,/en/koop/delft/appartement-42948013-adama-van-scheltemaplein-55/,42948013,https://www.funda.nl/en/koop/delft/appartement-42948013-adama-van-scheltemaplein-55/,2022-12-15T00:25:35.001633+01:00
Van Adrichemstraat 355,2614 BS Delft,80 m²,,"€ 265,000 k.k.",4 rooms,/en/koop/delft/appartement-42945262-van-adrichemstraat-355/,42945262,https://www.funda.nl/en/koop/delft/appartement-42945262-van-adrichemstraat-355/,2022-12-15T00:25:35.001633+01:00
C. Fockstraat 114,2613 DJ Delft,83 m²,,"€ 339,500 k.k.",4 rooms,/en/koop/delft/appartement-42933253-c-fockstraat-114/,42933253,https://www.funda.nl/en/koop/delft/appartement-42933253-c-fockstraat-114/,2022-12-15T00:25:35.001633+01:00
J.J. Slauerhofflaan 105,2624 JX Delft,90 m²,,"€ 290,000 k.k.",3 rooms,/en/koop/delft/appartement-42939484-jj-slauerhofflaan-105/,42939484,https://www.funda.nl/en/koop/delft/appartement-42939484-jj-slauerhofflaan-105/,2022-12-15T00:25:35.001633+01:00
Delfgauwseweg 133,2628 EK Delft,53 m²,,"€ 275,000 k.k.",2 rooms,/en/koop/delft/appartement-42920966-delfgauwseweg-133/,42920966,https://www.funda.nl/en/koop/delft/appartement-42920966-delfgauwseweg-133/,2022-12-15T00:25:35.001633+01:00
Van de Spiegelstraat 16,2613 GA Delft,93 m²,,"€ 399,500 k.k.",4 rooms,/en/koop/delft/appartement-42911944-van-de-spiegelstraat-16/,42911944,https://www.funda.nl/en/koop/delft/appartement-42911944-van-de-spiegelstraat-16/,2022-12-15T00:25:35.001633+01:00
Verwersdijk 41 B,2611 ND Delft,53 m²,,"€ 365,000 k.k.",3 rooms,/en/koop/delft/appartement-42915462-verwersdijk-41-b/,42915462,https://www.funda.nl/en/koop/delft/appartement-42915462-verwersdijk-41-b/,2022-12-15T00:25:35.001633+01:00
Verwersdijk 41 A,2611 ND Delft,63 m²,,"€ 375,000 k.k.",3 rooms,/en/koop/delft/appartement-42904258-verwersdijk-41-a/,42904258,https://www.funda.nl/en/koop/delft/appartement-42904258-verwersdijk-41-a/,2022-12-15T00:25:35.001633+01:00
J.J. Slauerhofflaan 179,2624 JZ Delft,104 m²,,"€ 324,500 k.k.",4 rooms,/en/koop/delft/appartement-42903008-jj-slauerhofflaan-179/,42903008,https://www.funda.nl/en/koop/delft/appartement-42903008-jj-slauerhofflaan-179/,2022-12-15T00:25:35.001633+01:00
Raam 116,2611 WP Delft,87 m²,,"€ 450,000 k.k.",3 rooms,/en/koop/delft/appartement-42909672-raam-116/,42909672,https://www.funda.nl/en/koop/delft/appartement-42909672-raam-116/,2022-12-15T00:25:35.001633+01:00
Stalpaert van der Wieleweg 106,2612 SZ Delft,96 m²,,"€ 425,000 k.k.",4 rooms,/en/koop/delft/appartement-42993410-stalpaert-van-der-wieleweg-106/,42993410,https://www.funda.nl/en/koop/delft/appartement-42993410-stalpaert-van-der-wieleweg-106/,2022-12-15T00:25:35.001633+01:00
Nieuwstraat 10 B,2611 HK Delft,59 m²,,"€ 325,000 k.k.",3 rooms,/en/koop/delft/appartement-42998060-nieuwstraat-10-b/,42998060,https://www.funda.nl/en/koop/delft/appartement-42998060-nieuwstraat-10-b/,2022-12-15T00:25:35.001633+01:00
Van Almondestraat 70,2614 GA Delft,67 m²,,"€ 275,000 k.k.",3 rooms,/en/koop/delft/appartement-88351145-van-almondestraat-70/,88351145,https://www.funda.nl/en/koop/delft/appartement-88351145-van-almondestraat-70/,2022-12-15T00:25:35.001633+01:00
Bastiaansplein 131 .,2611 DC Delft,161 m²,,"€ 825,000 k.k.",4 rooms,/en/koop/delft/appartement-42995041-bastiaansplein-131/,42995041,https://www.funda.nl/en/koop/delft/appartement-42995041-bastiaansplein-131/,2022-12-15T00:25:35.001633+01:00
Wilhelminalaan 180,2625 KK Delft,107 m²,136 m²,"€ 419,500 k.k.",4 rooms,/en/koop/delft/huis-42946392-wilhelminalaan-180/,42946392,https://www.funda.nl/en/koop/delft/huis-42946392-wilhelminalaan-180/,2022-12-15T00:25:35.431177+01:00
Grabijnhof 4,2625 LL Delft,146 m²,222 m²,"€ 650,000 k.k.",5 rooms,/en/koop/delft/huis-42939852-grabijnhof-4/,42939852,https://www.funda.nl/en/koop/delft/huis-42939852-grabijnhof-4/,2022-12-15T00:25:35.431177+01:00
Doelenstraat 12 .,2611 NT Delft,83 m²,82 m²,"€ 445,000 k.k.",6 rooms,/en/koop/delft/huis-42935260-doelenstraat-12/,42935260,https://www.funda.nl/en/koop/delft/huis-42935260-doelenstraat-12/,2022-12-15T00:25:35.431177+01:00
Buitenwatersloot 387,2614 LD Delft,175 m²,298 m²,"€ 925,000 k.k.",6 rooms,/en/koop/delft/huis-42904506-buitenwatersloot-387/,42904506,https://www.funda.nl/en/koop/delft/huis-42904506-buitenwatersloot-387/,2022-12-15T00:25:35.431177+01:00
Molenstraat 13 13 a,2611 JZ Delft,180 m²,84 m²,"€ 745,000 k.k.",6 rooms,/en/koop/delft/huis-42990323-molenstraat-13-13-a/,42990323,https://www.funda.nl/en/koop/delft/huis-42990323-molenstraat-13-13-a/,2022-12-15T00:25:35.431177+01:00
Grabijnhof 1 A,2625 LL Delft,155 m²,186 m²,"€ 595,000 k.k.",6 rooms,/en/koop/delft/huis-42990221-grabijnhof-1-a/,42990221,https://www.funda.nl/en/koop/delft/huis-42990221-grabijnhof-1-a/,2022-12-15T00:25:35.431177+01:00
Choorstraat 51,2611 JE Delft,350 m²,127 m²,"€ 975,000 k.k.",11 rooms,/en/koop/delft/huis-42980905-choorstraat-51/,42980905,https://www.funda.nl/en/koop/delft/huis-42980905-choorstraat-51/,2022-12-15T00:25:35.431177+01:00
Ruys de Beerenbrouckplein 3,2613 AR Delft,160 m²,142 m²,"€ 695,000 k.k.",6 rooms,/en/koop/delft/huis-42957281-ruys-de-beerenbrouckplein-3/,42957281,https://www.funda.nl/en/koop/delft/huis-42957281-ruys-de-beerenbrouckplein-3/,2022-12-15T00:25:35.431177+01:00
Doelenstraat 12,2611 NT Delft,170 m²,82 m²,"€ 695,000 k.k.",6 rooms,/en/koop/delft/huis-42848934-doelenstraat-12/,42848934,https://www.funda.nl/en/koop/delft/huis-42848934-doelenstraat-12/,2022-12-15T00:25:35.431177+01:00
Molenstraat 5,2611 JZ Delft,107 m²,55 m²,"€ 550,000 k.k.",4 rooms,/en/koop/delft/huis-42811430-molenstraat-5/,42811430,https://www.funda.nl/en/koop/delft/huis-42811430-molenstraat-5/,2022-12-15T00:25:35.431177+01:00
De Vlouw 11,2611 EW Delft,139 m²,,"€ 649,000 k.k.",4 rooms,/en/koop/delft/huis-42734833-de-vlouw-11/,42734833,https://www.funda.nl/en/koop/delft/huis-42734833-de-vlouw-11/,2022-12-15T00:25:35.431177+01:00
Noordeinde 15,2611 KE Delft,382 m²,295 m²,"€ 1,695,000 k.k.",11 rooms,/en/koop/delft/huis-42664379-noordeinde-15/,42664379,https://www.funda.nl/en/koop/delft/huis-42664379-noordeinde-15/,2022-12-15T00:25:35.431177+01:00
Ternatestraat 119,2612 BB Delft,66 m²,,"€ 300,000 k.k.",3 rooms,/en/koop/delft/appartement-42066971-ternatestraat-119/,42066971,https://www.funda.nl/en/koop/delft/appartement-42066971-ternatestraat-119/,2022-12-15T00:25:35.431177+01:00
Knuttelstraat 1,2613 XW Delft,70 m²,,"€ 310,000 k.k.",3 rooms,/en/koop/delft/appartement-88410117-knuttelstraat-1/,88410117,https://www.funda.nl/en/koop/delft/appartement-88410117-knuttelstraat-1/,2022-12-15T00:25:35.431177+01:00
Papsouwselaan 269,2624 AP Delft,92 m²,,"€ 315,000 k.k.",3 rooms,/en/koop/delft/appartement-42055007-papsouwselaan-269/,42055007,https://www.funda.nl/en/koop/delft/appartement-42055007-papsouwselaan-269/,2022-12-15T00:25:35.431177+01:00
Van der Lelijstraat 59 I,2614 EG Delft,82 m²,,"€ 275,000 k.k.",4 rooms,/en/koop/delft/appartement-42936507-van-der-lelijstraat-59-i/,42936507,https://www.funda.nl/en/koop/delft/appartement-42936507-van-der-lelijstraat-59-i/,2022-12-15T00:25:36.018188+01:00
Buizerdlaan 103,2623 JR Delft,76 m²,,"€ 300,000 k.k.",3 rooms,/en/koop/delft/appartement-42935052-buizerdlaan-103/,42935052,https://www.funda.nl/en/koop/delft/appartement-42935052-buizerdlaan-103/,2022-12-15T00:25:36.018188+01:00
Papsouwselaan 147,2624 AL Delft,90 m²,,"€ 330,000 k.k.",3 rooms,/en/koop/delft/appartement-42926966-papsouwselaan-147/,42926966,https://www.funda.nl/en/koop/delft/appartement-42926966-papsouwselaan-147/,2022-12-15T00:25:36.018188+01:00
W.H. van Leeuwenlaan 100,2613 ZG Delft,116 m²,,"€ 350,000 k.k.",5 rooms,/en/koop/delft/appartement-42925083-wh-van-leeuwenlaan-100/,42925083,https://www.funda.nl/en/koop/delft/appartement-42925083-wh-van-leeuwenlaan-100/,2022-12-15T00:25:36.018188+01:00
Herman Gorterhof 128,2624 XK Delft,69 m²,,"€ 250,000 k.k.",3 rooms,/en/koop/delft/appartement-42900889-herman-gorterhof-128/,42900889,https://www.funda.nl/en/koop/delft/appartement-42900889-herman-gorterhof-128/,2022-12-15T00:25:36.018188+01:00
Roland Holstlaan 770,2624 JE Delft,75 m²,,"€ 260,000 k.k.",3 rooms,/en/koop/delft/appartement-42908025-roland-holstlaan-770/,42908025,https://www.funda.nl/en/koop/delft/appartement-42908025-roland-holstlaan-770/,2022-12-15T00:25:36.018188+01:00
Roland Holstlaan 1072,2624 JR Delft,96 m²,,"€ 300,000 k.k.",4 rooms,/en/koop/delft/appartement-42990830-roland-holstlaan-1072/,42990830,https://www.funda.nl/en/koop/delft/appartement-42990830-roland-holstlaan-1072/,2022-12-15T00:25:36.018188+01:00
Hendrick de Keyserweg 115,2612 KC Delft,114 m²,,"€ 369,000 k.k.",4 rooms,/en/koop/delft/appartement-42989413-hendrick-de-keyserweg-115/,42989413,https://www.funda.nl/en/koop/delft/appartement-42989413-hendrick-de-keyserweg-115/,2022-12-15T00:25:36.018188+01:00
Herman Gorterhof 127,2624 XK Delft,69 m²,,"€ 275,000 k.k.",4 rooms,/en/koop/delft/appartement-42979655-herman-gorterhof-127/,42979655,https://www.funda.nl/en/koop/delft/appartement-42979655-herman-gorterhof-127/,2022-12-15T00:25:36.018188+01:00
Westvest 205,2611 BZ Delft,79 m²,,"€ 345,000 k.k.",3 rooms,/en/koop/delft/appartement-42977498-westvest-205/,42977498,https://www.funda.nl/en/koop/delft/appartement-42977498-westvest-205/,2022-12-15T00:25:36.018188+01:00
Oude Delft 71 A,2611 BC Delft,124 m²,,"€ 695,000 k.k.",3 rooms,/en/koop/delft/appartement-42960873-oude-delft-71-a/,42960873,https://www.funda.nl/en/koop/delft/appartement-42960873-oude-delft-71-a/,2022-12-15T00:25:36.018188+01:00
Ezelsveldlaan 188,2611 DK Delft,185 m²,,"€ 895,000 k.k.",4 rooms,/en/koop/delft/appartement-42881939-ezelsveldlaan-188/,42881939,https://www.funda.nl/en/koop/delft/appartement-42881939-ezelsveldlaan-188/,2022-12-15T00:25:36.018188+01:00
Lambarenestraat 13,2622 DN Delft,86 m²,116 m²,"€ 375,000 k.k.",4 rooms,/en/koop/delft/huis-42067896-lambarenestraat-13/,42067896,https://www.funda.nl/en/koop/delft/huis-42067896-lambarenestraat-13/,2022-12-15T00:25:36.018188+01:00
Buitenwatersloot 5,2613 TA Delft,187 m²,133 m²,"€ 1,250,000 k.k.",8 rooms,/en/koop/delft/huis-42065481-buitenwatersloot-5/,42065481,https://www.funda.nl/en/koop/delft/huis-42065481-buitenwatersloot-5/,2022-12-15T00:25:36.018188+01:00
Willem de Mérodestraat 23,2624 LC Delft,200 m²,516 m²,"€ 765,000 k.k.",7 rooms,/en/koop/delft/huis-42057177-willem-de-merodestraat-23/,42057177,https://www.funda.nl/en/koop/delft/huis-42057177-willem-de-merodestraat-23/,2022-12-15T00:25:36.018188+01:00
Aletta Jacobsstraat 21,2614 HH Delft,97 m²,118 m²,"€ 400,000 k.k.",5 rooms,/en/koop/delft/huis-42842637-aletta-jacobsstraat-21/,42842637,https://www.funda.nl/en/koop/delft/huis-42842637-aletta-jacobsstraat-21/,2022-12-15T00:25:36.353097+01:00
Van de Spiegelstraat 37,2613 EX Delft,85 m²,104 m²,"€ 450,000 k.k.",5 rooms,/en/koop/delft/huis-42819442-van-de-spiegelstraat-37/,42819442,https://www.funda.nl/en/koop/delft/huis-42819442-van-de-spiegelstraat-37/,2022-12-15T00:25:36.353097+01:00
Hendrick de Keyserweg 54,2612 KH Delft,58 m²,,"€ 225,250 k.k.",3 rooms,/en/koop/delft/appartement-42920371-hendrick-de-keyserweg-54/,42920371,https://www.funda.nl/en/koop/delft/appartement-42920371-hendrick-de-keyserweg-54/,2022-12-15T00:25:36.353097+01:00
Melkhof 29,2613 KA Delft,103 m²,,"€ 340,000 k.k.",4 rooms,/en/koop/delft/appartement-42902203-melkhof-29/,42902203,https://www.funda.nl/en/koop/delft/appartement-42902203-melkhof-29/,2022-12-15T00:25:36.353097+01:00
Maria Gouweloospoort 30,2611 JN Delft,47 m²,,"€ 212,500 k.k.",2 rooms,/en/koop/delft/appartement-42909747-maria-gouweloospoort-30/,42909747,https://www.funda.nl/en/koop/delft/appartement-42909747-maria-gouweloospoort-30/,2022-12-15T00:25:36.353097+01:00
Maria Gouweloospoort 6,2611 JN Delft,46 m²,,"€ 195,500 k.k.",2 rooms,/en/koop/delft/appartement-42907234-maria-gouweloospoort-6/,42907234,https://www.funda.nl/en/koop/delft/appartement-42907234-maria-gouweloospoort-6/,2022-12-15T00:25:36.353097+01:00
Herculesweg 133,2624 VV Delft,96 m²,,"€ 233,750 k.k.",4 rooms,/en/koop/delft/appartement-42972150-herculesweg-133/,42972150,https://www.funda.nl/en/koop/delft/appartement-42972150-herculesweg-133/,2022-12-15T00:25:36.353097+01:00
Paxlaan 96,2613 GE Delft,88 m²,96 m²,"€ 345,000 k.k.",6 rooms,/en/koop/delft/huis-42946295-paxlaan-96/,42946295,https://www.funda.nl/en/koop/delft/huis-42946295-paxlaan-96/,2022-12-15T00:25:36.353097+01:00
Lepelaarstraat 58,2623 NZ Delft,73 m²,137 m²,"€ 349,500 k.k.",4 rooms,/en/koop/delft/huis-42923827-lepelaarstraat-58/,42923827,https://www.funda.nl/en/koop/delft/huis-42923827-lepelaarstraat-58/,2022-12-15T00:25:36.353097+01:00
Kristalweg 96,2614 TS Delft,113 m²,104 m²,"€ 450,000 k.k.",5 rooms,/en/koop/delft/huis-42629609-kristalweg-96/,42629609,https://www.funda.nl/en/koop/delft/huis-42629609-kristalweg-96/,2022-12-15T00:25:36.353097+01:00
Willem Bilderdijkhof 130,2624 ZL Delft,70 m²,,"€ 225,250 k.k.",3 rooms,/en/koop/delft/appartement-42927088-willem-bilderdijkhof-130/,42927088,https://www.funda.nl/en/koop/delft/appartement-42927088-willem-bilderdijkhof-130/,2022-12-15T00:25:36.353097+01:00
Van Adrichemstraat 243,2614 BP Delft,28 m²,,"€ 175,000 k.k.",2 rooms,/en/koop/delft/appartement-42909174-van-adrichemstraat-243/,42909174,https://www.funda.nl/en/koop/delft/appartement-42909174-van-adrichemstraat-243/,2022-12-15T00:25:36.353097+01:00
Dirk Costerplein 214,2624 VA Delft,65 m²,,"€ 208,250 k.k.",3 rooms,/en/koop/delft/appartement-42990706-dirk-costerplein-214/,42990706,https://www.funda.nl/en/koop/delft/appartement-42990706-dirk-costerplein-214/,2022-12-15T00:25:36.353097+01:00
Willem Bilderdijkhof 66,2624 ZH Delft,71 m²,,"€ 231,625 k.k.",3 rooms,/en/koop/delft/appartement-42965823-willem-bilderdijkhof-66/,42965823,https://www.funda.nl/en/koop/delft/appartement-42965823-willem-bilderdijkhof-66/,2022-12-15T00:25:36.353097+01:00
Adama van Scheltemaplein 60,2624 PH Delft,89 m²,,"€ 245,000 k.k.",3 rooms,/en/koop/delft/appartement-42838476-adama-van-scheltemaplein-60/,42838476,https://www.funda.nl/en/koop/delft/appartement-42838476-adama-van-scheltemaplein-60/,2022-12-15T00:25:36.353097+01:00
Van Gaalenlaan 10,2613 EC Delft,93 m²,52 m²,"€ 415,000 k.k.",5 rooms,/en/koop/delft/huis-42948111-van-gaalenlaan-10/,42948111,https://www.funda.nl/en/koop/delft/huis-42948111-van-gaalenlaan-10/,2022-12-15T00:25:36.355079+01:00
Van der Kamlaan 19,2625 KL Delft,127 m²,165 m²,"€ 495,000 k.k.",4 rooms,/en/koop/delft/huis-42948819-van-der-kamlaan-19/,42948819,https://www.funda.nl/en/koop/delft/huis-42948819-van-der-kamlaan-19/,2022-12-15T00:25:36.355079+01:00
Slechtvalkhof 13,2623 PE Delft,99 m²,104 m²,"€ 385,000 k.k.",4 rooms,/en/koop/delft/huis-88300617-slechtvalkhof-13/,88300617,https://www.funda.nl/en/koop/delft/huis-88300617-slechtvalkhof-13/,2022-12-15T00:25:36.355079+01:00
De Vriesstraat 54,2613 CC Delft,108 m²,100 m²,"€ 575,000 k.k.",4 rooms,/en/koop/delft/huis-42933691-de-vriesstraat-54/,42933691,https://www.funda.nl/en/koop/delft/huis-42933691-de-vriesstraat-54/,2022-12-15T00:25:36.355079+01:00
Donker Curtiusstraat 2,2613 AP Delft,170 m²,320 m²,"€ 869,000 k.k.",6 rooms,/en/koop/delft/huis-42931586-donker-curtiusstraat-2/,42931586,https://www.funda.nl/en/koop/delft/huis-42931586-donker-curtiusstraat-2/,2022-12-15T00:25:36.355079+01:00
Justus van Schoonhovenstraat 5,2613 NX Delft,83 m²,82 m²,"€ 450,000 k.k.",4 rooms,/en/koop/delft/huis-42927548-justus-van-schoonhovenstraat-5/,42927548,https://www.funda.nl/en/koop/delft/huis-42927548-justus-van-schoonhovenstraat-5/,2022-12-15T00:25:36.355079+01:00
Julianalaan 106,2628 BK Delft,195 m²,147 m²,"€ 689,000 k.k.",7 rooms,/en/koop/delft/huis-42913010-julianalaan-106/,42913010,https://www.funda.nl/en/koop/delft/huis-42913010-julianalaan-106/,2022-12-15T00:25:36.355079+01:00
Oostblok 38,2612 PC Delft,176 m²,198 m²,"€ 695,000 k.k.",7 rooms,/en/koop/delft/huis-42919621-oostblok-38/,42919621,https://www.funda.nl/en/koop/delft/huis-42919621-oostblok-38/,2022-12-15T00:25:36.355079+01:00
Hoefslagendreef 50,2614 MM Delft,137 m²,116 m²,"€ 619,000 k.k.",5 rooms,/en/koop/delft/huis-42918282-hoefslagendreef-50/,42918282,https://www.funda.nl/en/koop/delft/huis-42918282-hoefslagendreef-50/,2022-12-15T00:25:36.355079+01:00
Burgemeestersrand 24,2625 NW Delft,123 m²,168 m²,"€ 469,000 k.k.",5 rooms,/en/koop/delft/huis-42917276-burgemeestersrand-24/,42917276,https://www.funda.nl/en/koop/delft/huis-42917276-burgemeestersrand-24/,2022-12-15T00:25:36.355079+01:00
Paxlaan 3,2613 GC Delft,148 m²,169 m²,"€ 795,000 k.k.",6 rooms,/en/koop/delft/huis-42904162-paxlaan-3/,42904162,https://www.funda.nl/en/koop/delft/huis-42904162-paxlaan-3/,2022-12-15T00:25:36.355079+01:00
Van Rijslaan 9,2625 KW Delft,136 m²,184 m²,"€ 520,000 k.k.",5 rooms,/en/koop/delft/huis-42904546-van-rijslaan-9/,42904546,https://www.funda.nl/en/koop/delft/huis-42904546-van-rijslaan-9/,2022-12-15T00:25:36.355079+01:00
Zambezilaan 89,2622 LH Delft,134 m²,125 m²,"€ 419,500 k.k.",6 rooms,/en/koop/delft/huis-42994709-zambezilaan-89/,42994709,https://www.funda.nl/en/koop/delft/huis-42994709-zambezilaan-89/,2022-12-15T00:25:36.355079+01:00
Hof van Saffier 1,2614 TJ Delft,119 m²,93 m²,"€ 465,000 k.k.",5 rooms,/en/koop/delft/huis-42987449-hof-van-saffier-1/,42987449,https://www.funda.nl/en/koop/delft/huis-42987449-hof-van-saffier-1/,2022-12-15T00:25:36.355079+01:00
Ruys de Beerenbrouckstraat 16,2613 AT Delft,208 m²,293 m²,"€ 850,000 k.k.",8 rooms,/en/koop/delft/huis-42986900-ruys-de-beerenbrouckstraat-16/,42986900,https://www.funda.nl/en/koop/delft/huis-42986900-ruys-de-beerenbrouckstraat-16/,2022-12-15T00:25:36.355079+01:00
Riante twee-onder-een-kapwoning (Bouwnr. 191),2628 ZS Delft,159 m²,240 m²,"€ 815,000 v.o.n.",5 rooms,/en/koop/delft/huis-42958242-riante-twee-onder-een-kapwoning-bouwnr-191/,42958242,https://www.funda.nl/en/koop/delft/huis-42958242-riante-twee-onder-een-kapwoning-bouwnr-191/,2022-12-15T00:25:36.356078+01:00
Houthaak 42,2611 LE Delft,,18 m²,"€ 95,000 k.k.",,/en/koop/delft/parkeergelegenheid-42067384-houthaak-42/,42067384,https://www.funda.nl/en/koop/delft/parkeergelegenheid-42067384-houthaak-42/,2022-12-15T00:25:36.356078+01:00
Pijperring 76,2625 EG Delft,86 m²,,"€ 217,500 k.k.",4 rooms,/en/koop/delft/appartement-42995957-pijperring-76/,42995957,https://www.funda.nl/en/koop/delft/appartement-42995957-pijperring-76/,2022-12-15T00:25:36.356078+01:00
Verwersdijk 106,2611 NK Delft,84 m²,62 m²,"€ 345,000 k.k.",5 rooms,/en/koop/delft/huis-42875290-verwersdijk-106/,42875290,https://www.funda.nl/en/koop/delft/huis-42875290-verwersdijk-106/,2022-12-15T00:25:36.356078+01:00
Bosboom-Toussaintplein 168,2624 DL Delft,65 m²,,"€ 225,000 k.k.",3 rooms,/en/koop/delft/appartement-42804692-bosboom-toussaintplein-168/,42804692,https://www.funda.nl/en/koop/delft/appartement-42804692-bosboom-toussaintplein-168/,2022-12-15T00:25:36.356078+01:00
Parkeerplaats Nieuwe Gracht 83,2611 DV Delft,,,"€ 30,000 v.o.n.",,/en/koop/delft/parkeergelegenheid-87512307-parkeerplaats-nieuwe-gracht-83/,87512307,https://www.funda.nl/en/koop/delft/parkeergelegenheid-87512307-parkeerplaats-nieuwe-gracht-83/,2022-12-15T00:25:36.356078+01:00
Markt 29 A,2611 GP Delft,164 m²,,"€ 850,000 k.k.",8 rooms,/en/koop/delft/appartement-88326763-markt-29-a/,88326763,https://www.funda.nl/en/koop/delft/appartement-88326763-markt-29-a/,2022-12-15T00:25:36.356078+01:00
Artemisstraat 2,2624 ZN Delft,,,"€ 17,000 k.k.",,/en/koop/delft/parkeergelegenheid-42948272-artemisstraat-2/,42948272,https://www.funda.nl/en/koop/delft/parkeergelegenheid-42948272-artemisstraat-2/,2022-12-15T00:25:36.356078+01:00
Zuidplantsoen,2628 BZ Delft,,,"€ 24,950 k.k.",,/en/koop/delft/parkeergelegenheid-88051184-zuidplantsoen/,88051184,https://www.funda.nl/en/koop/delft/parkeergelegenheid-88051184-zuidplantsoen/,2022-12-15T00:25:36.356078+01:00
Dakterras appartement (Bouwnr. 1),2624 BC Delft,97 m²,,"€ 535,000 v.o.n.",1 room,/en/koop/delft/appartement-42914024-dakterras-appartement-bouwnr-1/,42914024,https://www.funda.nl/en/koop/delft/appartement-42914024-dakterras-appartement-bouwnr-1/,2022-12-15T00:25:36.356078+01:00
Maisonnette Hof (Bouwnr. 3),2624 BC Delft,146 m²,,"€ 695,000 v.o.n.",1 room,/en/koop/delft/appartement-42914023-maisonnette-hof-bouwnr-3/,42914023,https://www.funda.nl/en/koop/delft/appartement-42914023-maisonnette-hof-bouwnr-3/,2022-12-15T00:25:36.356078+01:00
Terras appartement (Bouwnr. 1),2624 BC Delft,74 m²,,"€ 392,500 v.o.n.",1 room,/en/koop/delft/appartement-42914012-terras-appartement-bouwnr-1/,42914012,https://www.funda.nl/en/koop/delft/appartement-42914012-terras-appartement-bouwnr-1/,2022-12-15T00:25:36.356078+01:00
Nicolaas Beetslaan 10,2624 XP Delft,125 m²,132 m²,"€ 425,000 k.k.",6 rooms,/en/koop/delft/huis-88372681-nicolaas-beetslaan-10/,88372681,https://www.funda.nl/en/koop/delft/huis-88372681-nicolaas-beetslaan-10/,2022-12-15T00:25:36.356078+01:00
Justus van Schoonhovenstraat 35,2613 NX Delft,84 m²,81 m²,"€ 429,500 k.k.",4 rooms,/en/koop/delft/huis-42913955-justus-van-schoonhovenstraat-35/,42913955,https://www.funda.nl/en/koop/delft/huis-42913955-justus-van-schoonhovenstraat-35/,2022-12-15T00:25:36.356078+01:00
Ambonstraat 29,2612 BL Delft,108 m²,139 m²,"€ 425,000 k.k.",5 rooms,/en/koop/delft/huis-42919164-ambonstraat-29/,42919164,https://www.funda.nl/en/koop/delft/huis-42919164-ambonstraat-29/,2022-12-15T00:25:36.356078+01:00
